ID_PRODUTO ;ID_PRATO ;INGREDIENTES ;QUANTIDADES;UNIDADE;CUSTO_UNITARIO 
376;1364;COUSCOUS DE SEMOLA MARROQUINA;0,500;KG; 29,06 
3784;1364;PRODUCAO 1KG - MANTEIGA NOISET;0,100;KG; 48,40 
3998;1364;PRODUCAO 1KG - MIX DE CASTANHA;0,300;KG; 116,90 
245;1453;MOSTARDA DIJON;0,040;KG; 89,94 
375;1453;SAL REFINADO;0,003;KG; 0,95 
403;1453;AZEITE TRUFADO;0,010;KG; 242,98 
470;1453;PIMENTA DO REINO EM PO;0,003;KG; 22,00 
1454;1453;PRODUCAO 1KG - IOGURTE GREGO CASEIRO;0,260;KG; 32,58 
239;1454;LEITE INTEGRAL;3,570;KG; 5,28 
439;1454;IOGURTE GREGO INDUSTRIALIZADO;0,320;KG; 42,75 
264;1472;TOMATE CAJA;15,000;KG; 13,99 
268;1472;CEBOLA PERA;1,800;KG; 7,99 
273;1472;ALHO PORRO;1,200;KG; 29,59 
285;1472;CENOURA;1,800;KG; 10,90 
299;1472;MANJERICAO;0,300;KG; 15,00 
303;1472;SALSAO;0,500;KG; 12,00 
364;1472;ACUCAR CRISTAL (GRANULADO);0,050;KG; 3,08 
368;1472;TOMATE PELADO EM CONSERVA;5,000;KG; 13,96 
375;1472;SAL REFINADO;0,040;KG; 0,95 
406;1472;AZEITE DE OLIVA EXTRA VIRGEM (COZINHA);0,250;KG; 16,95 
6714;1472;PRODUCAO 1KG - PASTA DE ALHO;0,090;KG; 29,64 
375;1475;SAL REFINADO;0,030;KG; 0,95 
395;1475;ARROZ BRANCO;0,400;KG; 3,89 
406;1475;AZEITE DE OLIVA EXTRA VIRGEM (COZINHA);0,100;KG; 16,95 
6714;1475;PRODUCAO 1KG - PASTA DE ALHO;0,020;KG; 29,64 
264;1477;TOMATE CAJA;2,080;KG; 13,99 
268;1477;CEBOLA PERA;0,870;KG; 7,99 
304;1477;COENTRO;0,040;KG; 22,00 
375;1477;SAL REFINADO;0,010;KG; 0,95 
470;1477;PIMENTA DO REINO EM PO;0,003;KG; 22,00 
1247;1477;ACAFRAO EM PO;0,010;KG; 18,32 
1377;1477;COMINHO EM PÓ;0,010;KG; 19,90 
1454;1477;PRODUCAO 1KG - IOGURTE GREGO CASEIRO;0,650;KG; 32,58 
2765;1477;TEMPERO PARA PAELLA;0,003;KG; 3.737,50 
3181;1477;PIMENTA SIRIA;0,010;KG; 105,00 
302;1494;HORTELA;0,003;KG; 2,50 
375;1494;SAL REFINADO;0,003;KG; 0,95 
406;1494;AZEITE DE OLIVA EXTRA VIRGEM (COZINHA);0,003;KG; 16,95 
470;1494;PIMENTA DO REINO EM PO;0,003;KG; 22,00 
1454;1494;PRODUCAO 1KG - IOGURTE GREGO CASEIRO;0,260;KG; 32,58 
6619;1494;PEPINO JAPONES;0,210;KG; 7,80 
244;1499;MANTEIGA COM SAL;4,860;KG; 44,52 
296;1499;ALECRIM FRESCO;0,100;KG; 6,60 
299;1499;MANJERICAO;0,140;KG; 15,00 
306;1499;SALSA LISA;0,140;KG; 15,00 
244;1503;MANTEIGA COM SAL;0,020;KG; 44,52 
260;1503;BATATA INGLESA;0,870;KG; 12,90 
390;1503;AMENDOAS FILETADAS;0,040;KG; 118,80 
296;1504;ALECRIM FRESCO;0,080;KG; 6,60 
310;1504;COGUMELO SHITAK FRESCO;0,540;KG; 97,50 
375;1504;SAL REFINADO;0,003;KG; 0,95 
406;1504;AZEITE DE OLIVA EXTRA VIRGEM (COZINHA);0,020;KG; 16,95 
470;1504;PIMENTA DO REINO EM PO;0,003;KG; 22,00 
263;1508;MANDIOQUINHA;21,470;KG; 26,00 
260;1511;BATATA INGLESA;1,370;KG; 12,90 
296;1511;ALECRIM FRESCO;0,060;KG; 6,60 
375;1511;SAL REFINADO;0,003;KG; 0,95 
406;1511;AZEITE DE OLIVA EXTRA VIRGEM (COZINHA);0,010;KG; 16,95 
470;1511;PIMENTA DO REINO EM PO;0,003;KG; 22,00 
269;1608;CEBOLA ROXA;0,220;KG; 7,49 
375;1608;SAL REFINADO;0,010;KG; 0,95 
406;1608;AZEITE DE OLIVA EXTRA VIRGEM (COZINHA);0,020;KG; 16,95 
463;1608;PAPRICA DOCE MOIDA;0,010;KG; 21,15 
470;1608;PIMENTA DO REINO EM PO;0,003;KG; 22,00 
1377;1608;COMINHO EM PÓ;0,010;KG; 19,90 
6714;1608;PRODUCAO 1KG - PASTA DE ALHO;0,003;KG; 29,64 
6923;1608;PRODUCAO 1KG - PURE DE GRAO BICO;1,600;KG; 5,15 
246;1659;FARINHA DE TRIGO;0,210;KG; 3,59 
367;1659;ACUCAR REFINADO ESPECIAL;0,310;KG; 5,09 
392;1659;ESSENCIA ARTIFICIAL DE BAUNILHA;0,003;KG; 445,00 
446;1659;MANTEIGA SEM SAL EM BARRA;0,250;KG; 57,58 
455;1659;OVOS;20,000;KG; 0,81 
1693;1659;CHOCOLATE AMARGO 545% ( CALLEBAUT );0,600;KG; 90,62 
1749;1659;DESMOLDANTE SPRAY;0,003;KG; 23,54 
296;1660;ALECRIM FRESCO;0,003;KG; 6,60 
321;1660;LIMAO SICILIANO;0,010;KG; 14,90 
325;1660;LARANJA;0,020;KG; 2,10 
344;1660;GENGIBRE;0,010;KG; 15,90 
362;1660;CREME DE LEITE;0,210;KG; 15,44 
421;1660;CRAVO EM GRAO;0,010;KG; 176,33 
1070;1660;ANIZ ESTRELADO;0,020;KG; 210,00 
1180;1660;CORANTE LIQUIGEL VERDE;0,003;KG; 279,20 
1692;1660;CHOCOLATE BRANCO ( CALLEBAUT );0,320;KG; 209,03 
246;1664;FARINHA DE TRIGO;1,000;KG; 3,59 
390;1664;AMENDOAS FILETADAS;1,000;KG; 118,80 
401;1664;ACUCAR MASCAVO;1,000;KG; 17,11 
446;1664;MANTEIGA SEM SAL EM BARRA;0,500;KG; 57,58 
241;1665;LEITE CONDENSADO;1,600;KG; 19,56 
299;1665;MANJERICAO;0,040;KG; 15,00 
362;1665;CREME DE LEITE;1,200;KG; 15,44 
1180;1665;CORANTE LIQUIGEL VERDE;0,003;KG; 279,20 
2115;1665;EMULSIFICANTE;0,240;KG; 21,61 
317;1666;MORANGO;0,510;KG; 44,00 
412;1666;CANELA EM PO;0,003;KG; 168,00 
1545;1666;CRAVO EM PO;0,003;KG; 71,80 
362;1676;CREME DE LEITE;0,700;KG; 15,44 
969;1676;DOCE DE LEITE;0,800;KG; 32,04 
1693;1676;CHOCOLATE AMARGO 545% ( CALLEBAUT );0,750;KG; 90,62 
1697;1676;CHANTILLY PLATINUM;0,500;KG; 32,84 
239;1677;LEITE INTEGRAL;0,200;KG; 5,28 
246;1677;FARINHA DE TRIGO;0,400;KG; 3,59 
247;1677;FERMENTO QUIMICO EM PO;0,030;KG; 56,90 
367;1677;ACUCAR REFINADO ESPECIAL;0,250;KG; 5,09 
412;1677;CANELA EM PO;0,003;KG; 168,00 
418;1677;CHOCOLATE EM PÓ 50% CACAU;0,140;KG; 62,65 
421;1677;CRAVO EM GRAO;0,003;KG; 176,33 
446;1677;MANTEIGA SEM SAL EM BARRA;0,100;KG; 57,58 
448;1677;MEL DE ABELHA NATURAL;0,280;KG; 54,06 
1749;1677;DESMOLDANTE SPRAY;0,003;KG; 23,54 
243;1773;ARROZ ARBOREO;0,300;KG; 23,21 
244;1773;MANTEIGA COM SAL;0,140;KG; 44,52 
268;1773;CEBOLA PERA;0,100;KG; 7,99 
271;1773;ALHO FRESCO;0,020;KG; 26,90 
321;1773;LIMAO SICILIANO;0,070;KG; 14,90 
482;1773;VINHO BRANCO COZINHA;0,100;KG; 42,13 
556;1773;QUEIJO PARMESAO ( DI SALERNO PREMIUM );0,200;KG; 86,00 
3783;1773;PRODUCAO 1KG - CALDO DE LEGUMES;1,000;KG; 0,56 
452;1986;MOLHO SHOYU;0,050;KG; 13,89 
3879;1986;MOLHO DE PIMENTA SIRIRACHA HOT CHILI;0,030;KG; 53,55 
3893;1986;PRODUCAO 1KG - MIX DE GERGELIM TORRADO;0,080;KG; 41,84 
4491;1986;PRODUCAO 1KG - TARE DE CAJUINA;0,500;KG; 8,60 
245;1991;MOSTARDA DIJON;0,260;KG; 89,94 
249;1991;OLEO DE SOJA (USO E CONSUMO);0,560;KG; 8,53 
375;1991;SAL REFINADO;0,010;KG; 0,95 
455;1991;OVOS;8,000;KG; 0,81 
3879;1991;MOLHO DE PIMENTA SIRIRACHA HOT CHILI;0,170;KG; 53,55 
329;1994;MARACUJA;2,630;KG; 7,99 
364;1994;ACUCAR CRISTAL (GRANULADO);0,560;KG; 3,08 
375;1994;SAL REFINADO;0,010;KG; 0,95 
452;1994;MOLHO SHOYU;1,000;KG; 13,89 
321;1995;LIMAO SICILIANO;0,130;KG; 14,90 
452;1995;MOLHO SHOYU;0,030;KG; 13,89 
1180;1995;CORANTE LIQUIGEL VERDE;0,003;KG; 279,20 
1314;1995;WASABI;0,040;KG; 47,59 
3778;1995;APARAS ROBALO FRESCO;0,050;KG; 79,03 
274;2153;BROCOLIS NATURAL (CABECA);0,320;KG; 24,90 
285;2153;CENOURA;0,320;KG; 10,90 
286;2153;BETERRABA;0,320;KG; 6,47 
375;2153;SAL REFINADO;0,003;KG; 0,95 
406;2153;AZEITE DE OLIVA EXTRA VIRGEM (COZINHA);0,020;KG; 16,95 
1536;2153;COUVE FLOR;0,320;KG; 21,90 
256;2248;FARINHA PANKO;0,920;KG; 16,80 
321;2248;LIMAO SICILIANO;0,120;KG; 14,90 
375;2248;SAL REFINADO;0,003;KG; 0,95 
406;2248;AZEITE DE OLIVA EXTRA VIRGEM (COZINHA);0,020;KG; 16,95 
1499;2248;PRODUCAO 1KG - MANTEIGA DE ERVAS;0,150;KG; 30,93 
6714;2248;PRODUCAO 1KG - PASTA DE ALHO;0,010;KG; 29,64 
401;2691;ACUCAR MASCAVO;0,370;KG; 17,11 
418;2691;CHOCOLATE EM PÓ 50% CACAU;0,130;KG; 62,65 
455;2691;OVOS;18,000;KG; 0,81 
1693;2691;CHOCOLATE AMARGO 545% ( CALLEBAUT );2,100;KG; 90,62 
239;2692;LEITE INTEGRAL;0,100;KG; 5,28 
314;2692;CASTANHA DE CAJU;0,330;KG; 55,93 
1740;2692;SORVETE DE BAUNILHA;0,490;KG; 31,15 
2115;2692;EMULSIFICANTE;0,070;KG; 21,61 
364;2693;ACUCAR CRISTAL (GRANULADO);0,050;KG; 3,08 
239;2695;LEITE INTEGRAL;0,210;KG; 5,28 
241;2695;LEITE CONDENSADO;0,490;KG; 19,56 
367;2695;ACUCAR REFINADO ESPECIAL;0,400;KG; 5,09 
423;2695;COCO RALADO;1,000;KG; 33,00 
441;2695;LEITE DE COCO;0,500;KG; 16,99 
446;2695;MANTEIGA SEM SAL EM BARRA;0,010;KG; 57,58 
455;2695;OVOS;6,000;KG; 0,81 
1749;2695;DESMOLDANTE SPRAY;0,003;KG; 23,54 
364;2696;ACUCAR CRISTAL (GRANULADO);0,360;KG; 3,08 
960;2696;COCO SECO;2,980;KG; 12,00 
362;2698;CREME DE LEITE;0,130;KG; 15,44 
364;2698;ACUCAR CRISTAL (GRANULADO);0,200;KG; 3,08 
369;2698;FLOR DE SAL;0,003;KG; 76,31 
446;2698;MANTEIGA SEM SAL EM BARRA;0,020;KG; 57,58 
336;2792;MACA NACIONAL;1,000;KG; 11,90 
364;2792;ACUCAR CRISTAL (GRANULADO);0,700;KG; 3,08 
5949;2792;FRUTAS VERMELHAS CONGELADA;1,000;KG; 41,90 
293;3090;JERIMUM DE LEITE;2,890;KG; 3,25 
1059;3146;AZEITE DE OLIVA EXTRA VIRGEM (GREGO);0,180;KG; 66,48 
1546;3146;CAPIM SANTO;0,010;KG; 12,85 
321;3147;LIMAO SICILIANO;0,050;KG; 14,90 
328;3147;LIMAO TAITI;0,050;KG; 2,99 
1059;3147;AZEITE DE OLIVA EXTRA VIRGEM (GREGO);1,000;KG; 66,48 
1546;3147;CAPIM SANTO;0,010;KG; 12,85 
321;3153;LIMAO SICILIANO;1,330;KG; 14,90 
363;3153;CREME MISTO CULINARIO;0,750;KG; 11,12 
364;3153;ACUCAR CRISTAL (GRANULADO);0,080;KG; 3,08 
1601;3156;PRODUCAO 1 KG - TORRADAS;1,000;KG; 5,56 
244;3161;MANTEIGA COM SAL;5,000;KG; 44,52 
268;3161;CEBOLA PERA;1,200;KG; 7,99 
273;3161;ALHO PORRO;0,200;KG; 29,59 
285;3161;CENOURA;0,840;KG; 10,90 
303;3161;SALSAO;0,300;KG; 12,00 
344;3161;GENGIBRE;0,070;KG; 15,90 
6714;3161;PRODUCAO 1KG - PASTA DE ALHO;0,040;KG; 29,64 
375;3162;SAL REFINADO;0,010;KG; 0,95 
455;3162;OVOS;8,000;KG; 0,81 
466;3162;PIMENTA BRANCA EM PO;0,010;KG; 180,00 
2765;3162;TEMPERO PARA PAELLA;0,003;KG; 3.737,50 
3161;3162;PRODUCAO 1KG - MANTEIGA DE CAMARAO;0,450;KG; 167,00 
3897;3162;PRODUCAO 1KG - MANTEIGA CITRICA;0,450;KG; 59,32 
282;3164;PIMENTA DEDO DE MOCA;0,010;KG; 21,00 
284;3164;PIMENTA DE CHEIRO;0,020;KG; 11,00 
304;3164;COENTRO;0,050;KG; 22,00 
308;3164;CEBOLINHA;0,060;KG; 19,90 
375;3164;SAL REFINADO;0,003;KG; 0,95 
406;3164;AZEITE DE OLIVA EXTRA VIRGEM (COZINHA);0,030;KG; 16,95 
441;3164;LEITE DE COCO;0,100;KG; 16,99 
1454;3164;PRODUCAO 1KG - IOGURTE GREGO CASEIRO;0,090;KG; 32,58 
375;3165;SAL REFINADO;0,010;KG; 0,95 
436;3165;GOMA FRESCA;1,000;KG; 6,97 
1499;3165;PRODUCAO 1KG - MANTEIGA DE ERVAS;0,050;KG; 30,93 
244;3166;MANTEIGA COM SAL;0,350;KG; 44,52 
246;3166;FARINHA DE TRIGO;0,750;KG; 3,59 
314;3166;CASTANHA DE CAJU;1,000;KG; 55,93 
367;3166;ACUCAR REFINADO ESPECIAL;0,750;KG; 5,09 
362;3168;CREME DE LEITE;1,000;KG; 15,44 
1693;3168;CHOCOLATE AMARGO 545% ( CALLEBAUT );0,900;KG; 90,62 
183;3170;LICOR AMARETTO DELL ORSO;1,000;KG; 3,32 
239;3170;LEITE INTEGRAL;0,500;KG; 5,28 
362;3170;CREME DE LEITE;0,500;KG; 15,44 
367;3170;ACUCAR REFINADO ESPECIAL;0,100;KG; 5,09 
400;3170;AMIDO DE MILHO;0,010;KG; 7,79 
446;3170;MANTEIGA SEM SAL EM BARRA;0,100;KG; 57,58 
455;3170;OVOS;10,000;KG; 0,81 
3171;3170;CUMARU;0,003;KG; 50,00 
969;3172;DOCE DE LEITE;0,800;KG; 32,04 
1697;3172;CHANTILLY PLATINUM;0,250;KG; 32,84 
306;3293;SALSA LISA;0,170;KG; 15,00 
308;3293;CEBOLINHA;0,170;KG; 19,90 
375;3293;SAL REFINADO;0,020;KG; 0,95 
462;3293;PAPRICA DEFUMADA KG;0,080;KG; 85,00 
260;3296;BATATA INGLESA;1,000;KG; 12,90 
296;3296;ALECRIM FRESCO;0,070;KG; 6,60 
313;3296;BATATA DOCE;0,500;KG; 2,99 
369;3296;FLOR DE SAL;0,010;KG; 76,31 
406;3296;AZEITE DE OLIVA EXTRA VIRGEM (COZINHA);0,050;KG; 16,95 
304;3299;COENTRO;0,130;KG; 22,00 
306;3299;SALSA LISA;0,030;KG; 15,00 
375;3299;SAL REFINADO;0,003;KG; 0,95 
462;3299;PAPRICA DEFUMADA KG;0,003;KG; 85,00 
463;3299;PAPRICA DOCE MOIDA;0,003;KG; 21,15 
1059;3299;AZEITE DE OLIVA EXTRA VIRGEM (GREGO);0,500;KG; 66,48 
6714;3299;PRODUCAO 1KG - PASTA DE ALHO;0,003;KG; 29,64 
269;3303;CEBOLA ROXA;0,250;KG; 7,49 
279;3303;PIMENTOES COLORIDOS;0,920;KG; 22,00 
304;3303;COENTRO;0,050;KG; 22,00 
316;3303;CASTANHA DO PARA;0,100;KG; 162,53 
351;3303;EXTRATO DE TOMATE;0,900;KG; 15,25 
375;3303;SAL REFINADO;0,020;KG; 0,95 
406;3303;AZEITE DE OLIVA EXTRA VIRGEM (COZINHA);0,010;KG; 16,95 
463;3303;PAPRICA DOCE MOIDA;0,010;KG; 21,15 
470;3303;PIMENTA DO REINO EM PO;0,003;KG; 22,00 
1377;3303;COMINHO EM PÓ;0,003;KG; 19,90 
6714;3303;PRODUCAO 1KG - PASTA DE ALHO;0,030;KG; 29,64 
296;3380;ALECRIM FRESCO;0,100;KG; 6,60 
306;3380;SALSA LISA;0,030;KG; 15,00 
321;3380;LIMAO SICILIANO;0,010;KG; 14,90 
406;3380;AZEITE DE OLIVA EXTRA VIRGEM (COZINHA);0,380;KG; 16,95 
6714;3380;PRODUCAO 1KG - PASTA DE ALHO;0,003;KG; 29,64 
244;3381;MANTEIGA COM SAL;0,800;KG; 44,52 
306;3381;SALSA LISA;0,090;KG; 15,00 
321;3381;LIMAO SICILIANO;0,010;KG; 14,90 
370;3381;ALCAPARRAS EM CONSERVA;0,600;KG; 48,69 
246;3615;FARINHA DE TRIGO;0,880;KG; 3,59 
375;3615;SAL REFINADO;0,003;KG; 0,95 
268;3783;CEBOLA PERA;0,600;KG; 7,99 
273;3783;ALHO PORRO;0,200;KG; 29,59 
285;3783;CENOURA;0,810;KG; 10,90 
303;3783;SALSAO;0,330;KG; 12,00 
375;3783;SAL REFINADO;0,040;KG; 0,95 
406;3783;AZEITE DE OLIVA EXTRA VIRGEM (COZINHA);0,040;KG; 16,95 
244;3784;MANTEIGA COM SAL;1,000;KG; 44,52 
393;3784;LEITE EM PO;0,100;KG; 38,85 
268;3787;CEBOLA PERA;0,170;KG; 7,99 
271;3787;ALHO FRESCO;0,010;KG; 26,90 
273;3787;ALHO PORRO;0,080;KG; 29,59 
285;3787;CENOURA;0,080;KG; 10,90 
296;3787;ALECRIM FRESCO;0,010;KG; 6,60 
301;3787;TOMILHO FRESCO;0,003;KG; 150,00 
303;3787;SALSAO;0,080;KG; 12,00 
306;3787;SALSA LISA;0,010;KG; 15,00 
351;3787;EXTRATO DE TOMATE;0,030;KG; 15,25 
481;3787;VINHO TINTO COZINHA;0,330;KG; 12,80 
3811;3787;MOCOTO BOVINO KG (USO E CONSUMO);0,500;KG; 13,99 
546;3788;PRESUNTO TIPO PARMA (KG);0,860;KG; 155,41 
269;3815;CEBOLA ROXA;0,260;KG; 7,49 
303;3815;SALSAO;0,050;KG; 12,00 
304;3815;COENTRO;0,100;KG; 22,00 
406;3815;AZEITE DE OLIVA EXTRA VIRGEM (COZINHA);0,050;KG; 16,95 
463;3815;PAPRICA DOCE MOIDA;0,003;KG; 21,15 
3781;3815;APARAS SIRIGADO;1,000;KG; 72,25 
6714;3815;PRODUCAO 1KG - PASTA DE ALHO;0,020;KG; 29,64 
364;3859;ACUCAR CRISTAL (GRANULADO);4,000;KG; 3,08 
2032;3859;VINAGRE DE ARROZ (SUSHI);5,000;KG; 7,77 
3227;3884;GENGIBRE EM CONSERVA;0,660;KG; 12,00 
3859;3884;PRODUCAO 1KG - AMASSU;0,530;KG; 6,17 
378;3893;GERGELIM BRANCO SEM CASCA;0,500;KG; 39,00 
379;3893;GERGELIM NEGRO SEM CASCA;0,500;KG; 39,99 
244;3897;MANTEIGA COM SAL;0,200;KG; 44,52 
321;3897;LIMAO SICILIANO;0,130;KG; 14,90 
327;3897;TANGERINA MURCOTE;0,130;KG; 10,00 
328;3897;LIMAO TAITI;0,120;KG; 2,99 
313;3909;BATATA DOCE;1,300;KG; 2,99 
375;3909;SAL REFINADO;0,020;KG; 0,95 
6236;3909;CACHACA MATUTA;1,000;KG; 1,69 
279;3997;PIMENTOES COLORIDOS;1,500;KG; 22,00 
290;3997;PIMENTAO VERDE;0,500;KG; 9,90 
406;3997;AZEITE DE OLIVA EXTRA VIRGEM (COZINHA);0,030;KG; 16,95 
314;3998;CASTANHA DE CAJU;0,710;KG; 55,93 
316;3998;CASTANHA DO PARA;0,710;KG; 162,53 
386;3998;NOZES SEM CASCA;0,710;KG; 132,21 
333;3999;UVA PASSAS BRANCA;0,150;KG; 50,00 
334;3999;UVA PASSAS PRETA;0,150;KG; 25,00 
340;3999;DAMASCO SECO;0,150;KG; 164,00 
3179;3999;BANANA PASSA;0,130;KG; 30,50 
411;4002;CAJUINA;5,000;KG; 12,19 
302;4003;HORTELA;0,060;KG; 2,50 
376;4003;COUSCOUS DE SEMOLA MARROQUINA;1,000;KG; 29,06 
3783;4003;PRODUCAO 1KG - CALDO DE LEGUMES;1,500;KG; 0,56 
299;4027;MANJERICAO;0,250;KG; 15,00 
306;4027;SALSA LISA;0,050;KG; 15,00 
314;4027;CASTANHA DE CAJU;0,030;KG; 55,93 
375;4027;SAL REFINADO;0,003;KG; 0,95 
406;4027;AZEITE DE OLIVA EXTRA VIRGEM (COZINHA);0,250;KG; 16,95 
470;4027;PIMENTA DO REINO EM PO;0,003;KG; 22,00 
556;4027;QUEIJO PARMESAO ( DI SALERNO PREMIUM );0,050;KG; 86,00 
261;4028;BATATA BOLINHA;2,410;KG; 12,90 
296;4028;ALECRIM FRESCO;0,050;KG; 6,60 
369;4028;FLOR DE SAL;0,010;KG; 76,31 
406;4028;AZEITE DE OLIVA EXTRA VIRGEM (COZINHA);0,020;KG; 16,95 
251;4035;MOSTARDA AMARELA COMUM;0,350;KG; 11,32 
268;4035;CEBOLA PERA;0,160;KG; 7,99 
306;4035;SALSA LISA;0,030;KG; 15,00 
363;4035;CREME MISTO CULINARIO;0,680;KG; 11,12 
375;4035;SAL REFINADO;0,003;KG; 0,95 
406;4035;AZEITE DE OLIVA EXTRA VIRGEM (COZINHA);0,060;KG; 16,95 
468;4035;PIMENTA DO REINO EM GRAO;0,010;KG; 67,00 
6714;4035;PRODUCAO 1KG - PASTA DE ALHO;0,030;KG; 29,64 
364;4491;ACUCAR CRISTAL (GRANULADO);2,000;KG; 3,08 
411;4491;CAJUINA;1,400;KG; 12,19 
452;4491;MOLHO SHOYU;1,300;KG; 13,89 
1315;4630;ARROZ JAPONES (SUSHI);1,000;KG; 8,98 
3859;4630;PRODUCAO 1KG - AMASSU;0,200;KG; 6,17 
244;4848;MANTEIGA COM SAL;0,200;KG; 44,52 
246;4848;FARINHA DE TRIGO;0,300;KG; 3,59 
314;4848;CASTANHA DE CAJU;0,200;KG; 55,93 
364;4848;ACUCAR CRISTAL (GRANULADO);0,300;KG; 3,08 
556;4848;QUEIJO PARMESAO ( DI SALERNO PREMIUM );0,300;KG; 86,00 
4863;4849;GOIABADA (CALDA);1,000;KG; 12,61 
241;4852;LEITE CONDENSADO;1,600;KG; 19,56 
362;4852;CREME DE LEITE;1,200;KG; 15,44 
365;4852;CREAM CHEESE;0,800;KG; 33,62 
556;4852;QUEIJO PARMESAO ( DI SALERNO PREMIUM );0,200;KG; 86,00 
1213;4852;REQUEIJAO;0,800;KG; 44,87 
2115;4852;EMULSIFICANTE;0,240;KG; 21,61 
344;4896;GENGIBRE;0,050;KG; 15,90 
364;4896;ACUCAR CRISTAL (GRANULADO);0,500;KG; 3,08 
400;4896;AMIDO DE MILHO;0,060;KG; 7,79 
507;4896;SUCO DE LARANJA;1,500;KG; 5,04 
1313;4896;AJINOMOTO;0,020;KG; 35,58 
1353;4896;OLEO DE GERGELIM;0,100;KG; 186,45 
2032;4896;VINAGRE DE ARROZ (SUSHI);0,080;KG; 7,77 
3314;4896;SUCO DE TANJAL;1,200;KG; 71,98 
3864;4896;MOLHO DE OSTRA;0,100;KG; 72,92 
3879;4896;MOLHO DE PIMENTA SIRIRACHA HOT CHILI;0,150;KG; 53,55 
6714;4896;PRODUCAO 1KG - PASTA DE ALHO;0,010;KG; 29,64 
271;4897;ALHO FRESCO;0,500;KG; 26,90 
406;4897;AZEITE DE OLIVA EXTRA VIRGEM (COZINHA);0,380;KG; 16,95 
246;4928;FARINHA DE TRIGO;0,250;KG; 3,59 
249;4928;OLEO DE SOJA (USO E CONSUMO);1,000;KG; 8,53 
269;4928;CEBOLA ROXA;1,000;KG; 7,49 
249;5129;OLEO DE SOJA (USO E CONSUMO);0,100;KG; 8,53 
268;5129;CEBOLA PERA;0,040;KG; 7,99 
375;5129;SAL REFINADO;0,040;KG; 0,95 
395;5129;ARROZ BRANCO;0,380;KG; 3,89 
6714;5129;PRODUCAO 1KG - PASTA DE ALHO;0,040;KG; 29,64 
268;5452;CEBOLA PERA;0,100;KG; 7,99 
299;5452;MANJERICAO;0,050;KG; 15,00 
306;5452;SALSA LISA;0,050;KG; 15,00 
370;5452;ALCAPARRAS EM CONSERVA;0,050;KG; 48,69 
407;5452;AZEITONA PRETA EM CONSERVA;0,100;KG; 47,42 
5451;5452;PRODUCAO 1KG - MOLHO TOMATE ARTESANAL;1,250;KG; 25,49 
306;5453;SALSA LISA;0,070;KG; 15,00 
321;5453;LIMAO SICILIANO;0,130;KG; 14,90 
375;5453;SAL REFINADO;0,003;KG; 0,95 
1059;5453;AZEITE DE OLIVA EXTRA VIRGEM (GREGO);0,110;KG; 66,48 
406;5454;AZEITE DE OLIVA EXTRA VIRGEM (COZINHA);0,060;KG; 16,95 
7561;5454;MASSA DE LINGUINE;0,420;KG; 17,78 
375;5459;SAL REFINADO;0,010;KG; 0,95 
455;5459;OVOS;1,000;KG; 0,81 
470;5459;PIMENTA DO REINO EM PO;0,003;KG; 22,00 
556;5459;QUEIJO PARMESAO ( DI SALERNO PREMIUM );0,400;KG; 86,00 
5450;5459;PRODUCAO 1KG - BECHAMEL;1,000;KG; 15,11 
258;5460;AZEITE DE OLIVA EXTRA VIRGEM (SALAO E PIZZARIA);1,000;KG; 85,98 
268;5460;CEBOLA PERA;0,100;KG; 7,99 
271;5460;ALHO FRESCO;0,010;KG; 26,90 
301;5460;TOMILHO FRESCO;0,020;KG; 150,00 
306;5460;SALSA LISA;0,020;KG; 15,00 
321;5460;LIMAO SICILIANO;0,200;KG; 14,90 
328;5460;LIMAO TAITI;0,200;KG; 2,99 
342;5460;DILL (ENDRO);0,020;KG; 287,00 
244;5461;MANTEIGA COM SAL;1,000;KG; 44,52 
305;5461;SALVIA;0,030;KG; 70,00 
258;5640;AZEITE DE OLIVA EXTRA VIRGEM (SALAO E PIZZARIA);0,050;KG; 85,98 
268;5640;CEBOLA PERA;0,200;KG; 7,99 
271;5640;ALHO FRESCO;0,030;KG; 26,90 
482;5640;VINHO BRANCO COZINHA;0,270;KG; 42,13 
964;5640;FLOCAO DE MILHO;0,200;KG; 3,65 
3306;5640;PRODUCAO 1 KG - CALDO DE CAMARAO;1,000;KG; 17,86 
243;5641;ARROZ ARBOREO;1,000;KG; 23,21 
268;5641;CEBOLA PERA;0,090;KG; 7,99 
406;5641;AZEITE DE OLIVA EXTRA VIRGEM (COZINHA);0,090;KG; 16,95 
482;5641;VINHO BRANCO COZINHA;0,100;KG; 42,13 
3783;5641;PRODUCAO 1KG - CALDO DE LEGUMES;1,270;KG; 0,56 
246;5704;FARINHA DE TRIGO;0,330;KG; 3,59 
328;5704;LIMAO TAITI;0,050;KG; 2,99 
367;5704;ACUCAR REFINADO ESPECIAL;0,330;KG; 5,09 
455;5704;OVOS;6,000;KG; 0,81 
335;5818;MACA VERDE;0,410;KG; 18,90 
2073;5818;GLUCOSE;0,030;KG; 16,74 
321;5820;LIMAO SICILIANO;0,130;KG; 14,90 
553;5820;QUEIJO TIPO FETA;0,060;KG; 227,50 
1454;5820;PRODUCAO 1KG - IOGURTE GREGO CASEIRO;0,160;KG; 32,58 
364;5821;ACUCAR CRISTAL (GRANULADO);1,250;KG; 3,08 
452;5821;MOLHO SHOYU;1,250;KG; 13,89 
1310;5821;SAQUE MIRIM;0,630;KG; 18,52 
385;5823;MAIONESE;0,830;KG; 18,15 
3879;5823;MOLHO DE PIMENTA SIRIRACHA HOT CHILI;0,170;KG; 53,55 
310;5825;COGUMELO SHITAK FRESCO;0,100;KG; 97,50 
406;5825;AZEITE DE OLIVA EXTRA VIRGEM (COZINHA);0,010;KG; 16,95 
452;5825;MOLHO SHOYU;0,070;KG; 13,89 
482;5825;VINHO BRANCO COZINHA;0,120;KG; 42,13 
321;5827;LIMAO SICILIANO;0,210;KG; 14,90 
322;5827;ABACATE;0,840;KG; 6,60 
244;5828;MANTEIGA COM SAL;0,050;KG; 44,52 
269;5828;CEBOLA ROXA;0,110;KG; 7,49 
375;5828;SAL REFINADO;0,003;KG; 0,95 
384;5828;VINAGRE DE MACA;0,200;KG; 5,14 
425;5828;CREME DE LEITE FRESCO;0,230;KG; 44,42 
470;5828;PIMENTA DO REINO EM PO;0,003;KG; 22,00 
482;5828;VINHO BRANCO COZINHA;0,190;KG; 42,13 
1318;5832;ALGA MARINHA (SUSHI);2,000;KG; 0,66 
3893;5832;PRODUCAO 1KG - MIX DE GERGELIM TORRADO;0,050;KG; 41,84 
321;5833;LIMAO SICILIANO;0,100;KG; 14,90 
325;5833;LARANJA;0,100;KG; 2,10 
344;5833;GENGIBRE;0,020;KG; 15,90 
452;5833;MOLHO SHOYU;0,210;KG; 13,89 
315;5845;BANANA DA TERRA;0,100;KG; 14,96 
350;5845;POLPA DE CAJU;0,100;KG; 8,50 
398;5845;AGUA INDAIA GARRAFAO (INSUMO E CONSUMO);0,500;KG; 0,38 
244;5848;MANTEIGA COM SAL;0,400;KG; 44,52 
246;5848;FARINHA DE TRIGO;0,500;KG; 3,59 
268;5848;CEBOLA PERA;0,850;KG; 7,99 
273;5848;ALHO PORRO;0,450;KG; 29,59 
285;5848;CENOURA;0,950;KG; 10,90 
351;5848;EXTRATO DE TOMATE;2,000;KG; 15,25 
452;5848;MOLHO SHOYU;1,010;KG; 13,89 
481;5848;VINHO TINTO COZINHA;0,300;KG; 12,80 
3522;5848;APARAS FILE MIGNON;6,000;KG; 82,83 
446;5849;MANTEIGA SEM SAL EM BARRA;0,170;KG; 57,58 
5848;5849;PRODUCAO 1KG - ROTI DE BOI;0,830;KG; 22,05 
302;5850;HORTELA;0,070;KG; 2,50 
553;5850;QUEIJO TIPO FETA;0,120;KG; 227,50 
1454;5850;PRODUCAO 1KG - IOGURTE GREGO CASEIRO;0,320;KG; 32,58 
3783;5850;PRODUCAO 1KG - CALDO DE LEGUMES;0,060;KG; 0,56 
342;5853;DILL (ENDRO);0,020;KG; 287,00 
363;5853;CREME MISTO CULINARIO;1,160;KG; 11,12 
375;5853;SAL REFINADO;0,003;KG; 0,95 
482;5853;VINHO BRANCO COZINHA;1,190;KG; 42,13 
3815;5853;PRODUCAO 1KG - CALDO DE PEIXE;0,810;KG; 27,66 
239;5854;LEITE INTEGRAL;0,200;KG; 5,28 
244;5854;MANTEIGA COM SAL;0,020;KG; 44,52 
246;5854;FARINHA DE TRIGO;0,020;KG; 3,59 
375;5854;SAL REFINADO;0,003;KG; 0,95 
406;5854;AZEITE DE OLIVA EXTRA VIRGEM (COZINHA);0,020;KG; 16,95 
468;5854;PIMENTA DO REINO EM GRAO;0,003;KG; 67,00 
470;5854;PIMENTA DO REINO EM PO;0,003;KG; 22,00 
553;5854;QUEIJO TIPO FETA;0,580;KG; 227,50 
6714;5854;PRODUCAO 1KG - PASTA DE ALHO;0,003;KG; 29,64 
273;5857;ALHO PORRO;0,710;KG; 29,59 
406;5857;AZEITE DE OLIVA EXTRA VIRGEM (COZINHA);0,210;KG; 16,95 
249;5918;OLEO DE SOJA (USO E CONSUMO);0,400;KG; 8,53 
375;5918;SAL REFINADO;0,003;KG; 0,95 
382;5918;TOMATE SECO;0,350;KG; 21,40 
455;5918;OVOS;2,000;KG; 0,81 
470;5918;PIMENTA DO REINO EM PO;0,003;KG; 22,00 
6714;5918;PRODUCAO 1KG - PASTA DE ALHO;0,003;KG; 29,64 
244;6084;MANTEIGA COM SAL;0,100;KG; 44,52 
425;6084;CREME DE LEITE FRESCO;0,150;KG; 44,42 
3783;6084;PRODUCAO 1KG - CALDO DE LEGUMES;0,200;KG; 0,56 
6086;6084;PRODUCAO 1KG - BASE DE MACAXEIRA;0,650;KG; 2,88 
312;6086;MACAXEIRA;3,300;KG; 3,50 
406;6309;AZEITE DE OLIVA EXTRA VIRGEM (COZINHA);0,120;KG; 16,95 
6060;6309;PAO FRANCES;2,590;KG; 0,72 
249;6349;OLEO DE SOJA (USO E CONSUMO);0,500;KG; 8,53 
284;6349;PIMENTA DE CHEIRO;0,080;KG; 11,00 
299;6349;MANJERICAO;0,100;KG; 15,00 
375;6349;SAL REFINADO;0,010;KG; 0,95 
455;6349;OVOS;3,000;KG; 0,81 
470;6349;PIMENTA DO REINO EM PO;0,003;KG; 22,00 
239;6350;LEITE INTEGRAL;0,200;KG; 5,28 
249;6350;OLEO DE SOJA (USO E CONSUMO);0,500;KG; 8,53 
375;6350;SAL REFINADO;0,010;KG; 0,95 
470;6350;PIMENTA DO REINO EM PO;0,003;KG; 22,00 
6714;6350;PRODUCAO 1KG - PASTA DE ALHO;0,020;KG; 29,64 
262;6453;TOMATE SALADA;0,350;KG; 8,00 
269;6453;CEBOLA ROXA;0,180;KG; 7,49 
375;6453;SAL REFINADO;0,003;KG; 0,95 
406;6453;AZEITE DE OLIVA EXTRA VIRGEM (COZINHA);0,010;KG; 16,95 
448;6453;MEL DE ABELHA NATURAL;0,040;KG; 54,06 
470;6453;PIMENTA DO REINO EM PO;0,003;KG; 22,00 
406;6458;AZEITE DE OLIVA EXTRA VIRGEM (COZINHA);0,020;KG; 16,95 
531;6458;CATUPIRY (KG);0,120;KG; 43,33 
830;6458;BERINJELA;0,370;KG; 7,99 
4029;6458;PRODUCAO 1 KG - TEMPERO PARA BATATA;0,030;KG; 31,41 
4403;6458;QUEIJO MUSSARELA EM BARRA (FIOR DI LATTE );0,370;KG; 67,50 
241;6493;LEITE CONDENSADO;0,490;KG; 19,56 
362;6493;CREME DE LEITE;0,300;KG; 15,44 
365;6493;CREAM CHEESE;0,300;KG; 33,62 
1213;6493;REQUEIJAO;0,200;KG; 44,87 
1792;6493;GELATINA NEUTRA;0,020;KG; 443,75 
4410;6493;QUEIJO RICOTA;0,410;KG; 20,00 
241;6495;LEITE CONDENSADO;1,000;KG; 19,56 
341;6495;POLPA DE MARACUJA;1,000;KG; 27,00 
362;6495;CREME DE LEITE;2,000;KG; 15,44 
2115;6495;EMULSIFICANTE;0,160;KG; 21,61 
4889;6495;CORANTE LARANJA;0,003;KG; 179,60 
321;6584;LIMAO SICILIANO;3,600;KG; 14,90 
249;6653;OLEO DE SOJA (USO E CONSUMO);1,180;KG; 8,53 
251;6653;MOSTARDA AMARELA COMUM;0,010;KG; 11,32 
304;6653;COENTRO;0,260;KG; 22,00 
375;6653;SAL REFINADO;0,010;KG; 0,95 
455;6653;OVOS;3,000;KG; 0,81 
470;6653;PIMENTA DO REINO EM PO;0,003;KG; 22,00 
6714;6653;PRODUCAO 1KG - PASTA DE ALHO;0,020;KG; 29,64 
244;6654;MANTEIGA COM SAL;0,250;KG; 44,52 
364;6654;ACUCAR CRISTAL (GRANULADO);0,250;KG; 3,08 
455;6654;OVOS;5,000;KG; 0,81 
6726;6654;CAFE SOLUVEL;0,003;KG; 120,12 
324;6655;MANGA;3,500;KG; 4,99 
375;6655;SAL REFINADO;0,020;KG; 0,95 
406;6655;AZEITE DE OLIVA EXTRA VIRGEM (COZINHA);0,120;KG; 16,95 
6610;6655;MELANCIA BABY;4,080;KG; 5,98 
6623;6655;FUMACA EM PO;0,003;KG; 61,51 
241;6656;LEITE CONDENSADO;0,390;KG; 19,56 
1454;6656;PRODUCAO 1KG - IOGURTE GREGO CASEIRO;0,390;KG; 32,58 
269;6657;CEBOLA ROXA;1,200;KG; 7,49 
364;6657;ACUCAR CRISTAL (GRANULADO);0,240;KG; 3,08 
371;6657;VINAGRE DE ALCOOL;0,500;KG; 2,60 
384;6657;VINAGRE DE MACA;0,300;KG; 5,14 
469;6657;PIMENTA ROSA EM GRAO;0,010;KG; 140,00 
1070;6657;ANIZ ESTRELADO;0,003;KG; 210,00 
285;6658;CENOURA;0,510;KG; 10,90 
364;6658;ACUCAR CRISTAL (GRANULADO);0,340;KG; 3,08 
371;6658;VINAGRE DE ALCOOL;0,680;KG; 2,60 
384;6658;VINAGRE DE MACA;0,010;KG; 5,14 
469;6658;PIMENTA ROSA EM GRAO;0,003;KG; 140,00 
1070;6658;ANIZ ESTRELADO;0,003;KG; 210,00 
239;6659;LEITE INTEGRAL;1,000;KG; 5,28 
246;6659;FARINHA DE TRIGO;0,100;KG; 3,59 
375;6659;SAL REFINADO;0,020;KG; 0,95 
406;6659;AZEITE DE OLIVA EXTRA VIRGEM (COZINHA);0,020;KG; 16,95 
6714;6659;PRODUCAO 1KG - PASTA DE ALHO;0,180;KG; 29,64 
273;6660;ALHO PORRO;0,060;KG; 29,59 
288;6660;ESPINAFRE;0,050;KG; 19,90 
304;6660;COENTRO;0,120;KG; 22,00 
364;6660;ACUCAR CRISTAL (GRANULADO);0,030;KG; 3,08 
375;6660;SAL REFINADO;0,003;KG; 0,95 
406;6660;AZEITE DE OLIVA EXTRA VIRGEM (COZINHA);0,020;KG; 16,95 
3783;6660;PRODUCAO 1KG - CALDO DE LEGUMES;1,000;KG; 0,56 
6714;6660;PRODUCAO 1KG - PASTA DE ALHO;0,020;KG; 29,64 
246;6661;FARINHA DE TRIGO;0,100;KG; 3,59 
273;6661;ALHO PORRO;0,370;KG; 29,59 
375;6661;SAL REFINADO;0,003;KG; 0,95 
293;6662;JERIMUM DE LEITE;1,530;KG; 3,25 
375;6662;SAL REFINADO;0,030;KG; 0,95 
406;6662;AZEITE DE OLIVA EXTRA VIRGEM (COZINHA);0,010;KG; 16,95 
438;6663;GRAO DE BICO;0,310;KG; 14,94 
259;6664;MACARRAO PENNE RIGATE;6,000;KG; 17,78 
375;6664;SAL REFINADO;0,010;KG; 0,95 
406;6664;AZEITE DE OLIVA EXTRA VIRGEM (COZINHA);0,020;KG; 16,95 
245;6665;MOSTARDA DIJON;0,150;KG; 89,94 
251;6665;MOSTARDA AMARELA COMUM;0,380;KG; 11,32 
370;6665;ALCAPARRAS EM CONSERVA;0,150;KG; 48,69 
448;6665;MEL DE ABELHA NATURAL;0,150;KG; 54,06 
1059;6665;AZEITE DE OLIVA EXTRA VIRGEM (GREGO);0,150;KG; 66,48 
256;6666;FARINHA PANKO;0,530;KG; 16,80 
315;6666;BANANA DA TERRA;0,650;KG; 14,96 
375;6666;SAL REFINADO;0,010;KG; 0,95 
406;6666;AZEITE DE OLIVA EXTRA VIRGEM (COZINHA);0,120;KG; 16,95 
6714;6666;PRODUCAO 1KG - PASTA DE ALHO;0,030;KG; 29,64 
256;6667;FARINHA PANKO;1,000;KG; 16,80 
286;6667;BETERRABA;1,300;KG; 6,47 
375;6667;SAL REFINADO;0,020;KG; 0,95 
1499;6667;PRODUCAO 1KG - MANTEIGA DE ERVAS;0,050;KG; 30,93 
401;6670;ACUCAR MASCAVO;0,010;KG; 17,11 
960;6670;COCO SECO;0,300;KG; 12,00 
244;6671;MANTEIGA COM SAL;0,030;KG; 44,52 
447;6671;MASSA FILO;0,300;KG; 65,33 
1360;6671;GOIABADA (TROUXINHA);0,500;KG; 15,98 
301;6672;TOMILHO FRESCO;0,020;KG; 150,00 
375;6672;SAL REFINADO;0,010;KG; 0,95 
401;6672;ACUCAR MASCAVO;0,020;KG; 17,11 
406;6672;AZEITE DE OLIVA EXTRA VIRGEM (COZINHA);0,020;KG; 16,95 
3775;6672;ATUM BENEFICIADO SUSHI;0,940;KG; 38,60 
6623;6672;FUMACA EM PO;0,010;KG; 61,51 
301;6673;TOMILHO FRESCO;0,020;KG; 150,00 
375;6673;SAL REFINADO;0,010;KG; 0,95 
401;6673;ACUCAR MASCAVO;0,020;KG; 17,11 
406;6673;AZEITE DE OLIVA EXTRA VIRGEM (COZINHA);0,020;KG; 16,95 
3773;6673;SALMAO BENEFICIADO SUSHI;0,920;KG; 72,92 
6623;6673;FUMACA EM PO;0,010;KG; 61,51 
241;6674;LEITE CONDENSADO;0,320;KG; 19,56 
327;6674;TANGERINA MURCOTE;0,800;KG; 10,00 
362;6674;CREME DE LEITE;0,320;KG; 15,44 
2115;6674;EMULSIFICANTE;0,060;KG; 21,61 
362;6675;CREME DE LEITE;1,100;KG; 15,44 
425;6675;CREME DE LEITE FRESCO;1,100;KG; 44,42 
969;6675;DOCE DE LEITE;1,500;KG; 32,04 
364;6676;ACUCAR CRISTAL (GRANULADO);0,440;KG; 3,08 
375;6676;SAL REFINADO;0,010;KG; 0,95 
404;6676;AMENDOIM;0,550;KG; 22,50 
325;6677;LARANJA;1,300;KG; 2,10 
364;6677;ACUCAR CRISTAL (GRANULADO);0,320;KG; 3,08 
2073;6677;GLUCOSE;0,030;KG; 16,74 
406;6678;AZEITE DE OLIVA EXTRA VIRGEM (COZINHA);0,040;KG; 16,95 
2765;6678;TEMPERO PARA PAELLA;0,003;KG; 3.737,50 
3293;6678;PRODUCAO 1KG - TEMPERO DE BATATA;0,040;KG; 12,75 
6164;6678;FEIJAO VERDE;1,800;KG; 15,00 
342;6679;DILL (ENDRO);0,050;KG; 287,00 
406;6679;AZEITE DE OLIVA EXTRA VIRGEM (COZINHA);0,500;KG; 16,95 
260;6680;BATATA INGLESA;2,720;KG; 12,90 
375;6680;SAL REFINADO;0,003;KG; 0,95 
406;6680;AZEITE DE OLIVA EXTRA VIRGEM (COZINHA);0,050;KG; 16,95 
264;6681;TOMATE CAJA;1,970;KG; 13,99 
301;6681;TOMILHO FRESCO;0,010;KG; 150,00 
375;6681;SAL REFINADO;0,010;KG; 0,95 
406;6681;AZEITE DE OLIVA EXTRA VIRGEM (COZINHA);0,210;KG; 16,95 
470;6681;PIMENTA DO REINO EM PO;0,010;KG; 22,00 
239;6682;LEITE INTEGRAL;2,000;KG; 5,28 
241;6682;LEITE CONDENSADO;1,200;KG; 19,56 
375;6682;SAL REFINADO;0,003;KG; 0,95 
425;6682;CREME DE LEITE FRESCO;1,000;KG; 44,42 
441;6682;LEITE DE COCO;0,800;KG; 16,99 
455;6682;OVOS;1,000;KG; 0,81 
477;6682;FARINHA DE TAPIOCA GRANULADA;0,500;KG; 11,76 
2115;6682;EMULSIFICANTE;0,200;KG; 21,61 
363;6683;CREME MISTO CULINARIO;0,040;KG; 11,12 
375;6683;SAL REFINADO;0,050;KG; 0,95 
463;6683;PAPRICA DOCE MOIDA;0,050;KG; 21,15 
3781;6683;APARAS SIRIGADO;0,690;KG; 72,25 
3815;6683;PRODUCAO 1KG - CALDO DE PEIXE;1,000;KG; 27,66 
441;6696;LEITE DE COCO;0,350;KG; 16,99 
1676;6696;PRODUCAO 1KG - DUETO DE CHOCOLATE;0,150;KG; 42,41 
3170;6696;PRODUCAO 1KG - CREME INGLES DE CUMARU;0,060;KG; 28,31 
314;6699;CASTANHA DE CAJU;0,200;KG; 55,93 
241;6702;LEITE CONDENSADO;0,200;KG; 19,56 
362;6702;CREME DE LEITE;0,300;KG; 15,44 
397;6702;ACHOCOLATADO EM PO NESCAU;0,250;KG; 21,39 
418;6702;CHOCOLATE EM PÓ 50% CACAU;0,200;KG; 62,65 
446;6702;MANTEIGA SEM SAL EM BARRA;0,120;KG; 57,58 
333;6705;UVA PASSAS BRANCA;0,500;KG; 50,00 
334;6705;UVA PASSAS PRETA;0,500;KG; 25,00 
401;6706;ACUCAR MASCAVO;0,200;KG; 17,11 
412;6706;CANELA EM PO;0,010;KG; 168,00 
446;6706;MANTEIGA SEM SAL EM BARRA;0,100;KG; 57,58 
447;6706;MASSA FILO;0,440;KG; 65,33 
1545;6706;CRAVO EM PO;0,010;KG; 71,80 
3684;6706;AGUA DE ROSAS;0,210;KG; 165,83 
3998;6706;PRODUCAO 1KG - MIX DE CASTANHA;0,670;KG; 116,90 
244;6711;MANTEIGA COM SAL;10,000;KG; 44,52 
249;6714;OLEO DE SOJA (USO E CONSUMO);1,000;KG; 8,53 
271;6714;ALHO FRESCO;5,500;KG; 26,90 
321;6718;LIMAO SICILIANO;2,000;KG; 14,90 
258;6719;AZEITE DE OLIVA EXTRA VIRGEM (SALAO E PIZZARIA);0,150;KG; 85,98 
375;6719;SAL REFINADO;0,020;KG; 0,95 
439;6719;IOGURTE GREGO INDUSTRIALIZADO;0,260;KG; 42,75 
470;6719;PIMENTA DO REINO EM PO;0,010;KG; 22,00 
1792;6719;GELATINA NEUTRA;0,030;KG; 443,75 
4246;6719;APARAS SALMAO FRESCO;0,670;KG; 72,92 
4410;6719;QUEIJO RICOTA;0,800;KG; 20,00 
362;6720;CREME DE LEITE;0,500;KG; 15,44 
375;6720;SAL REFINADO;0,030;KG; 0,95 
406;6720;AZEITE DE OLIVA EXTRA VIRGEM (COZINHA);0,100;KG; 16,95 
1749;6720;DESMOLDANTE SPRAY;0,010;KG; 23,54 
1792;6720;GELATINA NEUTRA;0,030;KG; 443,75 
4410;6720;QUEIJO RICOTA;0,740;KG; 20,00 
7537;6720;CREAM CHEESE SUSHI;0,300;KG; 39,96 
258;6721;AZEITE DE OLIVA EXTRA VIRGEM (SALAO E PIZZARIA);0,130;KG; 85,98 
375;6721;SAL REFINADO;0,020;KG; 0,95 
470;6721;PIMENTA DO REINO EM PO;0,010;KG; 22,00 
4246;6721;APARAS SALMAO FRESCO;0,400;KG; 72,92 
241;6722;LEITE CONDENSADO;0,390;KG; 19,56 
362;6722;CREME DE LEITE;1,000;KG; 15,44 
397;6722;ACHOCOLATADO EM PO NESCAU;0,800;KG; 21,39 
418;6722;CHOCOLATE EM PÓ 50% CACAU;0,400;KG; 62,65 
446;6722;MANTEIGA SEM SAL EM BARRA;0,400;KG; 57,58 
239;6724;LEITE INTEGRAL;1,000;KG; 5,28 
241;6724;LEITE CONDENSADO;0,790;KG; 19,56 
246;6724;FARINHA DE TRIGO;0,400;KG; 3,59 
367;6724;ACUCAR REFINADO ESPECIAL;0,300;KG; 5,09 
392;6724;ESSENCIA ARTIFICIAL DE BAUNILHA;0,010;KG; 445,00 
400;6724;AMIDO DE MILHO;0,060;KG; 7,79 
418;6724;CHOCOLATE EM PÓ 50% CACAU;0,400;KG; 62,65 
446;6724;MANTEIGA SEM SAL EM BARRA;0,400;KG; 57,58 
455;6724;OVOS;12,000;KG; 0,81 
1693;6724;CHOCOLATE AMARGO 545% ( CALLEBAUT );0,500;KG; 90,62 
321;6727;LIMAO SICILIANO;0,003;KG; 14,90 
328;6727;LIMAO TAITI;0,130;KG; 2,99 
1059;6727;AZEITE DE OLIVA EXTRA VIRGEM (GREGO);0,170;KG; 66,48 
384;6728;VINAGRE DE MACA;0,100;KG; 5,14 
448;6728;MEL DE ABELHA NATURAL;0,290;KG; 54,06 
1059;6728;AZEITE DE OLIVA EXTRA VIRGEM (GREGO);0,100;KG; 66,48 
375;6730;SAL REFINADO;0,010;KG; 0,95 
406;6730;AZEITE DE OLIVA EXTRA VIRGEM (COZINHA);0,030;KG; 16,95 
470;6730;PIMENTA DO REINO EM PO;0,010;KG; 22,00 
1454;6730;PRODUCAO 1KG - IOGURTE GREGO CASEIRO;1,030;KG; 32,58 
239;6732;LEITE INTEGRAL;8,000;KG; 5,28 
244;6732;MANTEIGA COM SAL;0,500;KG; 44,52 
246;6732;FARINHA DE TRIGO;0,400;KG; 3,59 
375;6732;SAL REFINADO;0,003;KG; 0,95 
454;6732;NOZ MOSCADA;0,003;KG; 46,20 
260;6733;BATATA INGLESA;1,510;KG; 12,90 
375;6733;SAL REFINADO;0,010;KG; 0,95 
406;6733;AZEITE DE OLIVA EXTRA VIRGEM (COZINHA);0,060;KG; 16,95 
455;6733;OVOS;2,000;KG; 0,81 
470;6733;PIMENTA DO REINO EM PO;0,003;KG; 22,00 
553;6733;QUEIJO TIPO FETA;0,060;KG; 227,50 
246;6734;FARINHA DE TRIGO;0,010;KG; 3,59 
362;6734;CREME DE LEITE;0,220;KG; 15,44 
367;6734;ACUCAR REFINADO ESPECIAL;0,170;KG; 5,09 
455;6734;OVOS;4,000;KG; 0,81 
556;6734;QUEIJO PARMESAO ( DI SALERNO PREMIUM );0,080;KG; 86,00 
1664;6734;PRODUCAO 1KG - CROCANTE DE AMENDOAS;0,100;KG; 50,51 
7537;6734;CREAM CHEESE SUSHI;0,350;KG; 39,96 
240;6735;ACETO BALSAMICO;0,010;KG; 45,49 
270;6735;CEBOLA BABY;0,710;KG; 9,98 
364;6735;ACUCAR CRISTAL (GRANULADO);0,020;KG; 3,08 
375;6735;SAL REFINADO;0,003;KG; 0,95 
406;6735;AZEITE DE OLIVA EXTRA VIRGEM (COZINHA);0,010;KG; 16,95 
470;6735;PIMENTA DO REINO EM PO;0,003;KG; 22,00 
3784;6735;PRODUCAO 1KG - MANTEIGA NOISET;0,010;KG; 48,40 
313;6736;BATATA DOCE;0,220;KG; 2,99 
367;6736;ACUCAR REFINADO ESPECIAL;0,060;KG; 5,09 
441;6736;LEITE DE COCO;0,120;KG; 16,99 
6726;6736;CAFE SOLUVEL;0,003;KG; 120,12 
296;6737;ALECRIM FRESCO;0,050;KG; 6,60 
321;6737;LIMAO SICILIANO;0,030;KG; 14,90 
325;6737;LARANJA;0,040;KG; 2,10 
344;6737;GENGIBRE;0,003;KG; 15,90 
364;6737;ACUCAR CRISTAL (GRANULADO);0,020;KG; 3,08 
400;6737;AMIDO DE MILHO;0,003;KG; 7,79 
441;6737;LEITE DE COCO;0,140;KG; 16,99 
1070;6737;ANIZ ESTRELADO;0,010;KG; 210,00 
1545;6737;CRAVO EM PO;0,003;KG; 71,80 
317;6738;MORANGO;0,600;KG; 44,00 
364;6738;ACUCAR CRISTAL (GRANULADO);0,180;KG; 3,08 
1792;6738;GELATINA NEUTRA;0,060;KG; 443,75 
1793;6738;CORANTE LIQUIGEL VERMELHO;0,003;KG; 360,00 
321;6739;LIMAO SICILIANO;0,003;KG; 14,90 
367;6739;ACUCAR REFINADO ESPECIAL;0,010;KG; 5,09 
960;6739;COCO SECO;0,900;KG; 12,00 
371;6740;VINAGRE DE ALCOOL;0,050;KG; 2,60 
406;6740;AZEITE DE OLIVA EXTRA VIRGEM (COZINHA);0,050;KG; 16,95 
6252;6740;SAGU;0,150;KG; 18,70 
378;6741;GERGELIM BRANCO SEM CASCA;1,250;KG; 39,00 
304;6742;COENTRO;0,090;KG; 22,00 
830;6743;BERINJELA;4,610;KG; 7,99 
329;6744;MARACUJA;0,400;KG; 7,99 
364;6744;ACUCAR CRISTAL (GRANULADO);0,040;KG; 3,08 
375;6744;SAL REFINADO;0,003;KG; 0,95 
1313;6744;AJINOMOTO;0,003;KG; 35,58 
264;6745;TOMATE CAJA;4,250;KG; 13,99 
302;6746;HORTELA;0,050;KG; 2,50 
441;6746;LEITE DE COCO;0,500;KG; 16,99 
1792;6746;GELATINA NEUTRA;0,003;KG; 443,75 
3426;6746;CAPSULAS DE GAS PARA CHANTILLY;1,000;KG; 3,42 
303;6749;SALSAO;0,170;KG; 12,00 
304;6749;COENTRO;0,280;KG; 22,00 
1059;6749;AZEITE DE OLIVA EXTRA VIRGEM (GREGO);1,110;KG; 66,48 
6164;6756;FEIJAO VERDE;1,190;KG; 15,00 
321;6758;LIMAO SICILIANO;0,880;KG; 14,90 
364;6758;ACUCAR CRISTAL (GRANULADO);0,100;KG; 3,08 
446;6758;MANTEIGA SEM SAL EM BARRA;0,400;KG; 57,58 
455;6758;OVOS;16,000;KG; 0,81 
315;6763;BANANA DA TERRA;1,230;KG; 14,96 
363;6763;CREME MISTO CULINARIO;0,550;KG; 11,12 
375;6763;SAL REFINADO;0,010;KG; 0,95 
3783;6763;PRODUCAO 1KG - CALDO DE LEGUMES;0,090;KG; 0,56 
3784;6763;PRODUCAO 1KG - MANTEIGA NOISET;0,010;KG; 48,40 
375;6764;SAL REFINADO;0,003;KG; 0,95 
406;6764;AZEITE DE OLIVA EXTRA VIRGEM (COZINHA);0,030;KG; 16,95 
3404;6764;QUIABO;0,500;KG; 10,90 
443;6771;MACARRAO ORIENTAL;0,050;KG; 52,45 
329;6772;MARACUJA;0,340;KG; 7,99 
339;6772;KIWI;0,100;KG; 27,00 
364;6772;ACUCAR CRISTAL (GRANULADO);0,050;KG; 3,08 
375;6774;SAL REFINADO;0,003;KG; 0,95 
441;6774;LEITE DE COCO;0,200;KG; 16,99 
2765;6774;TEMPERO PARA PAELLA;0,003;KG; 3.737,50 
6714;6774;PRODUCAO 1KG - PASTA DE ALHO;0,020;KG; 29,64 
6776;6774;PRODUCAO 1KG - MIX DE PIMENTOES (EVENTO);0,040;KG; 50,70 
7831;6774;PRODUCAO 1 KG - CARNE DE CARANGUEJO;0,100;KG; 139,78 
279;6776;PIMENTOES COLORIDOS;0,290;KG; 22,00 
290;6776;PIMENTAO VERDE;0,170;KG; 9,90 
375;6780;SAL REFINADO;0,003;KG; 0,95 
3522;6780;APARAS FILE MIGNON;1,040;KG; 82,83 
6732;6780;PRODUCAO 1KG - MOLHO BRANCO  EVENTO);1,250;KG; 9,88 
6834;6780;PRODUCAO 1KG - PASTA DE GORGONZOLA  (EVENTO);0,580;KG; 38,09 
244;6781;MANTEIGA COM SAL;0,010;KG; 44,52 
375;6781;SAL REFINADO;0,003;KG; 0,95 
462;6781;PAPRICA DEFUMADA KG;0,003;KG; 85,00 
556;6781;QUEIJO PARMESAO ( DI SALERNO PREMIUM );0,030;KG; 86,00 
1472;6781;PRODUCAO 1KG - MOLHO DE TOMATE RUSTICO;0,030;KG; 18,81 
3783;6781;PRODUCAO 1KG - CALDO DE LEGUMES;0,050;KG; 0,56 
4929;6781;FILE DE CAMARAO (KG);0,120;KG; 60,00 
5641;6781;PRODUCAO 1KG - RISOTO BASE;0,160;KG; 12,93 
6714;6781;PRODUCAO 1KG - PASTA DE ALHO;0,020;KG; 29,64 
364;6783;ACUCAR CRISTAL (GRANULADO);0,003;KG; 3,08 
375;6783;SAL REFINADO;0,003;KG; 0,95 
406;6783;AZEITE DE OLIVA EXTRA VIRGEM (COZINHA);0,010;KG; 16,95 
430;6783;FERMENTO BIOLOGICO;0,003;KG; 31,98 
2180;6783;"FARINHA DE TRIGO ITALIANA TIPO ""00""";0,230;KG; 14,17 
375;6791;SAL REFINADO;0,003;KG; 0,95 
447;6791;MASSA FILO;0,900;KG; 65,33 
455;6791;OVOS;8,000;KG; 0,81 
470;6791;PIMENTA DO REINO EM PO;0,003;KG; 22,00 
6792;6791;CAMARAO CINZA BENEFICIADO;2,670;KG; 97,56 
249;6794;OLEO DE SOJA (USO E CONSUMO);0,380;KG; 8,53 
329;6794;MARACUJA;0,500;KG; 7,99 
375;6794;SAL REFINADO;0,010;KG; 0,95 
455;6794;OVOS;2,000;KG; 0,81 
240;6797;ACETO BALSAMICO;0,080;KG; 45,49 
244;6797;MANTEIGA COM SAL;0,080;KG; 44,52 
268;6797;CEBOLA PERA;1,790;KG; 7,99 
375;6797;SAL REFINADO;0,003;KG; 0,95 
264;6800;TOMATE CAJA;0,760;KG; 13,99 
279;6800;PIMENTOES COLORIDOS;0,520;KG; 22,00 
290;6800;PIMENTAO VERDE;0,550;KG; 9,90 
406;6800;AZEITE DE OLIVA EXTRA VIRGEM (COZINHA);0,100;KG; 16,95 
242;6806;MANTEIGA DA TERRA;0,500;KG; 35,12 
269;6806;CEBOLA ROXA;0,200;KG; 7,49 
363;6806;CREME MISTO CULINARIO;0,500;KG; 11,12 
531;6806;CATUPIRY (KG);0,500;KG; 43,33 
6714;6806;PRODUCAO 1KG - PASTA DE ALHO;0,010;KG; 29,64 
7936;6806;PRODUCAO 1 KG - CARNE DO SOL (NOVO);0,700;KG; 157,58 
335;6807;MACA VERDE;0,170;KG; 18,90 
375;6807;SAL REFINADO;0,003;KG; 0,95 
470;6807;PIMENTA DO REINO EM PO;0,003;KG; 22,00 
1454;6807;PRODUCAO 1KG - IOGURTE GREGO CASEIRO;0,200;KG; 32,58 
3775;6807;ATUM BENEFICIADO SUSHI;0,710;KG; 38,60 
240;6812;ACETO BALSAMICO;3,000;KG; 45,49 
364;6812;ACUCAR CRISTAL (GRANULADO);2,000;KG; 3,08 
314;6813;CASTANHA DE CAJU;1,000;KG; 55,93 
364;6813;ACUCAR CRISTAL (GRANULADO);1,000;KG; 3,08 
293;6816;JERIMUM DE LEITE;0,650;KG; 3,25 
369;6816;FLOR DE SAL;0,010;KG; 76,31 
406;6816;AZEITE DE OLIVA EXTRA VIRGEM (COZINHA);0,100;KG; 16,95 
268;6819;CEBOLA PERA;0,350;KG; 7,99 
279;6819;PIMENTOES COLORIDOS;0,520;KG; 22,00 
290;6819;PIMENTAO VERDE;0,240;KG; 9,90 
306;6819;SALSA LISA;0,020;KG; 15,00 
406;6819;AZEITE DE OLIVA EXTRA VIRGEM (COZINHA);0,100;KG; 16,95 
470;6819;PIMENTA DO REINO EM PO;0,003;KG; 22,00 
830;6819;BERINJELA;1,900;KG; 7,99 
6714;6819;PRODUCAO 1KG - PASTA DE ALHO;0,010;KG; 29,64 
246;6820;FARINHA DE TRIGO;0,020;KG; 3,59 
279;6820;PIMENTOES COLORIDOS;0,170;KG; 22,00 
290;6820;PIMENTAO VERDE;0,080;KG; 9,90 
306;6820;SALSA LISA;0,010;KG; 15,00 
375;6820;SAL REFINADO;0,010;KG; 0,95 
406;6820;AZEITE DE OLIVA EXTRA VIRGEM (COZINHA);0,010;KG; 16,95 
470;6820;PIMENTA DO REINO EM PO;0,003;KG; 22,00 
531;6820;CATUPIRY (KG);0,030;KG; 43,33 
1313;6820;AJINOMOTO;0,003;KG; 35,58 
3783;6820;PRODUCAO 1KG - CALDO DE LEGUMES;0,140;KG; 0,56 
6883;6820;BACALHAU BENEFIADO;0,380;KG; 98,79 
269;6821;CEBOLA ROXA;0,250;KG; 7,49 
279;6821;PIMENTOES COLORIDOS;0,560;KG; 22,00 
290;6821;PIMENTAO VERDE;0,240;KG; 9,90 
375;6821;SAL REFINADO;0,010;KG; 0,95 
406;6821;AZEITE DE OLIVA EXTRA VIRGEM (COZINHA);0,150;KG; 16,95 
470;6821;PIMENTA DO REINO EM PO;0,003;KG; 22,00 
1313;6821;AJINOMOTO;0,003;KG; 35,58 
6883;6821;BACALHAU BENEFIADO;0,900;KG; 98,79 
269;6823;CEBOLA ROXA;0,800;KG; 7,49 
279;6823;PIMENTOES COLORIDOS;1,500;KG; 22,00 
290;6823;PIMENTAO VERDE;0,800;KG; 9,90 
321;6823;LIMAO SICILIANO;3,030;KG; 14,90 
375;6823;SAL REFINADO;0,010;KG; 0,95 
470;6823;PIMENTA DO REINO EM PO;0,010;KG; 22,00 
1313;6823;AJINOMOTO;0,030;KG; 35,58 
3859;6823;PRODUCAO 1KG - AMASSU;2,000;KG; 6,17 
3879;6823;MOLHO DE PIMENTA SIRIRACHA HOT CHILI;0,020;KG; 53,55 
4929;6823;FILE DE CAMARAO (KG);7,860;KG; 60,00 
279;6825;PIMENTOES COLORIDOS;1,500;KG; 22,00 
290;6825;PIMENTAO VERDE;0,900;KG; 9,90 
304;6825;COENTRO;0,140;KG; 22,00 
321;6825;LIMAO SICILIANO;3,000;KG; 14,90 
375;6825;SAL REFINADO;0,010;KG; 0,95 
470;6825;PIMENTA DO REINO EM PO;0,010;KG; 22,00 
1313;6825;AJINOMOTO;0,010;KG; 35,58 
1994;6825;PRODUCAO 1KG - MOLHO DE MARACUJA;0,100;KG; 36,64 
3859;6825;PRODUCAO 1KG - AMASSU;1,640;KG; 6,17 
3879;6825;MOLHO DE PIMENTA SIRIRACHA HOT CHILI;0,020;KG; 53,55 
7899;6825;ROBALO BENEFICIADO;10,060;KG; 84,93 
333;6828;UVA PASSAS BRANCA;0,500;KG; 50,00 
334;6828;UVA PASSAS PRETA;1,000;KG; 25,00 
340;6828;DAMASCO SECO;1,000;KG; 164,00 
3179;6828;BANANA PASSA;0,210;KG; 30,50 
239;6829;LEITE INTEGRAL;1,000;KG; 5,28 
241;6829;LEITE CONDENSADO;0,790;KG; 19,56 
400;6829;AMIDO DE MILHO;0,060;KG; 7,79 
455;6829;OVOS;6,000;KG; 0,81 
6086;6830;PRODUCAO 1KG - BASE DE MACAXEIRA;1,000;KG; 2,88 
1314;6831;WASABI;0,320;KG; 47,59 
239;6832;LEITE INTEGRAL;1,000;KG; 5,28 
375;6832;SAL REFINADO;0,003;KG; 0,95 
477;6832;FARINHA DE TAPIOCA GRANULADA;0,500;KG; 11,76 
549;6832;QUEIJO COALHO;0,500;KG; 33,00 
269;6833;CEBOLA ROXA;0,700;KG; 7,49 
301;6833;TOMILHO FRESCO;0,003;KG; 150,00 
375;6833;SAL REFINADO;0,020;KG; 0,95 
406;6833;AZEITE DE OLIVA EXTRA VIRGEM (COZINHA);0,030;KG; 16,95 
470;6833;PIMENTA DO REINO EM PO;0,003;KG; 22,00 
363;6834;CREME MISTO CULINARIO;0,240;KG; 11,12 
550;6834;QUEIJO GORGONZOLA;0,400;KG; 75,50 
335;6836;MACA VERDE;0,380;KG; 18,90 
483;6836;XAROPE DE MACA VERDE;0,050;KG; 70,97 
2073;6836;GLUCOSE;0,040;KG; 16,74 
3155;6836;GOMA XANTANA;0,003;KG; 205,75 
296;6839;ALECRIM FRESCO;0,390;KG; 6,60 
301;6839;TOMILHO FRESCO;0,050;KG; 150,00 
306;6839;SALSA LISA;0,300;KG; 15,00 
374;6839;SAL GROSSO;2,330;KG; 1,05 
470;6839;PIMENTA DO REINO EM PO;0,010;KG; 22,00 
1313;6839;AJINOMOTO;0,010;KG; 35,58 
393;6842;LEITE EM PO;0,300;KG; 38,85 
282;6843;PIMENTA DEDO DE MOCA;0,150;KG; 21,00 
336;6843;MACA NACIONAL;2,300;KG; 11,90 
364;6843;ACUCAR CRISTAL (GRANULADO);1,200;KG; 3,08 
264;6847;TOMATE CAJA;0,070;KG; 13,99 
269;6847;CEBOLA ROXA;0,030;KG; 7,49 
274;6847;BROCOLIS NATURAL (CABECA);0,050;KG; 24,90 
279;6847;PIMENTOES COLORIDOS;0,060;KG; 22,00 
1511;6847;PRODUCAO 1KG - BATATAS DO CAMPO;0,070;KG; 16,68 
6816;6847;PRODUCAO 1KG - ABOBORA EM CUBOS;0,030;KG; 12,03 
1055;6849;TARTELETES (BARQUINHAS);1,000;KG; 1,18 
6820;6849;PRODUCAO 1KG - RECHEIO TARTELETE DE BACALHAU (EVENTO);0,010;KG; 45,57 
6806;6850;PRODUCAO 1KG - RECHEIO  DE CARNE DO SOL  (EVENTO);0,010;KG; 87,16 
6830;6850;PRODUCAO 1KG - PURE PARA ESCONDIDINHO  (EVENTO);0,080;KG; 2,88 
1055;6851;TARTELETES (BARQUINHAS);1,000;KG; 1,18 
6806;6851;PRODUCAO 1KG - RECHEIO  DE CARNE DO SOL  (EVENTO);0,010;KG; 87,16 
306;6862;SALSA LISA;0,010;KG; 15,00 
321;6862;LIMAO SICILIANO;0,010;KG; 14,90 
1059;6862;AZEITE DE OLIVA EXTRA VIRGEM (GREGO);0,080;KG; 66,48 
1132;6862;AVELA;0,300;KG; 138,79 
314;6863;CASTANHA DE CAJU;0,100;KG; 55,93 
316;6863;CASTANHA DO PARA;0,100;KG; 162,53 
340;6863;DAMASCO SECO;0,100;KG; 164,00 
367;6863;ACUCAR REFINADO ESPECIAL;0,250;KG; 5,09 
390;6863;AMENDOAS FILETADAS;0,100;KG; 118,80 
1132;6863;AVELA;0,100;KG; 138,79 
3179;6863;BANANA PASSA;0,100;KG; 30,50 
296;6866;ALECRIM FRESCO;0,050;KG; 6,60 
301;6866;TOMILHO FRESCO;0,050;KG; 150,00 
321;6866;LIMAO SICILIANO;0,020;KG; 14,90 
325;6866;LARANJA;0,020;KG; 2,10 
374;6866;SAL GROSSO;8,000;KG; 1,05 
239;6867;LEITE INTEGRAL;0,060;KG; 5,28 
246;6867;FARINHA DE TRIGO;0,620;KG; 3,59 
247;6867;FERMENTO QUIMICO EM PO;0,010;KG; 56,90 
401;6867;ACUCAR MASCAVO;0,270;KG; 17,11 
412;6867;CANELA EM PO;0,003;KG; 168,00 
418;6867;CHOCOLATE EM PÓ 50% CACAU;0,020;KG; 62,65 
446;6867;MANTEIGA SEM SAL EM BARRA;0,110;KG; 57,58 
448;6867;MEL DE ABELHA NATURAL;0,060;KG; 54,06 
455;6867;OVOS;2,000;KG; 0,81 
1545;6867;CRAVO EM PO;0,003;KG; 71,80 
249;6868;OLEO DE SOJA (USO E CONSUMO);0,500;KG; 8,53 
406;6868;AZEITE DE OLIVA EXTRA VIRGEM (COZINHA);0,500;KG; 16,95 
246;6873;FARINHA DE TRIGO;0,230;KG; 3,59 
247;6873;FERMENTO QUIMICO EM PO;0,010;KG; 56,90 
325;6873;LARANJA;0,003;KG; 2,10 
367;6873;ACUCAR REFINADO ESPECIAL;0,230;KG; 5,09 
446;6873;MANTEIGA SEM SAL EM BARRA;0,100;KG; 57,58 
455;6873;OVOS;3,000;KG; 0,81 
7131;6873;PRODUCAO 1KG - SUCO DE LARANJA;0,120;KG; 7,35 
336;6874;MACA NACIONAL;0,020;KG; 11,90 
447;6874;MASSA FILO;0,010;KG; 65,33 
313;6875;BATATA DOCE;1,300;KG; 2,99 
375;6875;SAL REFINADO;0,020;KG; 0,95 
6236;6875;CACHACA MATUTA;1,000;KG; 1,69 
289;6876;ASPARGO FRESCO;0,450;KG; 126,00 
292;6876;ABOBRINHA ITALIANA;0,460;KG; 3,99 
3355;6876;MAXIXE;0,440;KG; 12,00 
3404;6876;QUIABO;0,230;KG; 10,90 
263;6881;MANDIOQUINHA;0,500;KG; 26,00 
268;6881;CEBOLA PERA;0,010;KG; 7,99 
375;6881;SAL REFINADO;0,010;KG; 0,95 
406;6881;AZEITE DE OLIVA EXTRA VIRGEM (COZINHA);0,010;KG; 16,95 
470;6881;PIMENTA DO REINO EM PO;0,003;KG; 22,00 
3783;6881;PRODUCAO 1KG - CALDO DE LEGUMES;0,550;KG; 0,56 
6714;6881;PRODUCAO 1KG - PASTA DE ALHO;0,010;KG; 29,64 
268;6882;CEBOLA PERA;0,010;KG; 7,99 
361;6882;FEIJAO CARIOCA FUNCIONARIO (USO E CONSUMO);0,730;KG; 9,61 
406;6882;AZEITE DE OLIVA EXTRA VIRGEM (COZINHA);0,020;KG; 16,95 
3783;6882;PRODUCAO 1KG - CALDO DE LEGUMES;0,250;KG; 0,56 
6714;6882;PRODUCAO 1KG - PASTA DE ALHO;0,010;KG; 29,64 
183;6884;LICOR AMARETTO DELL ORSO;5,000;KG; 3,32 
321;6884;LIMAO SICILIANO;0,070;KG; 14,90 
367;6884;ACUCAR REFINADO ESPECIAL;0,060;KG; 5,09 
455;6884;OVOS;12,000;KG; 0,81 
1697;6884;CHANTILLY PLATINUM;0,120;KG; 32,84 
321;6886;LIMAO SICILIANO;0,003;KG; 14,90 
364;6886;ACUCAR CRISTAL (GRANULADO);0,240;KG; 3,08 
455;6886;OVOS;4,000;KG; 0,81 
452;6889;MOLHO SHOYU;0,300;KG; 13,89 
1792;6889;GELATINA NEUTRA;0,010;KG; 443,75 
4348;6889;AGAR AGAR;0,040;KG; 992,73 
268;6890;CEBOLA PERA;0,250;KG; 7,99 
285;6890;CENOURA;0,540;KG; 10,90 
406;6890;AZEITE DE OLIVA EXTRA VIRGEM (COZINHA);0,050;KG; 16,95 
3863;6890;ACELGA VERDE;0,450;KG; 4,00 
6714;6890;PRODUCAO 1KG - PASTA DE ALHO;0,030;KG; 29,64 
3303;6891;PRODUCAO 1KG - MOLHO  HARISSA;0,600;KG; 38,99 
5848;6891;PRODUCAO 1KG - ROTI DE BOI;0,600;KG; 22,05 
375;6892;SAL REFINADO;0,020;KG; 0,95 
470;6892;PIMENTA DO REINO EM PO;0,003;KG; 22,00 
3784;6892;PRODUCAO 1KG - MANTEIGA NOISET;0,070;KG; 48,40 
6086;6892;PRODUCAO 1KG - BASE DE MACAXEIRA;1,650;KG; 2,88 
249;6893;OLEO DE SOJA (USO E CONSUMO);0,030;KG; 8,53 
436;6893;GOMA FRESCA;0,080;KG; 6,97 
260;6894;BATATA INGLESA;4,000;KG; 12,90 
375;6894;SAL REFINADO;0,010;KG; 0,95 
470;6894;PIMENTA DO REINO EM PO;0,003;KG; 22,00 
549;6894;QUEIJO COALHO;0,290;KG; 33,00 
556;6894;QUEIJO PARMESAO ( DI SALERNO PREMIUM );0,100;KG; 86,00 
3784;6894;PRODUCAO 1KG - MANTEIGA NOISET;0,100;KG; 48,40 
256;6897;FARINHA PANKO;0,280;KG; 16,80 
390;6897;AMENDOAS FILETADAS;0,020;KG; 118,80 
406;6897;AZEITE DE OLIVA EXTRA VIRGEM (COZINHA);0,100;KG; 16,95 
556;6897;QUEIJO PARMESAO ( DI SALERNO PREMIUM );0,100;KG; 86,00 
364;6898;ACUCAR CRISTAL (GRANULADO);0,010;KG; 3,08 
375;6898;SAL REFINADO;0,010;KG; 0,95 
3522;6898;APARAS FILE MIGNON;3,950;KG; 82,83 
244;6903;MANTEIGA COM SAL;0,003;KG; 44,52 
455;6903;OVOS;3,000;KG; 0,81 
470;6903;PIMENTA DO REINO EM PO;0,003;KG; 22,00 
2765;6903;TEMPERO PARA PAELLA;0,003;KG; 3.737,50 
3783;6903;PRODUCAO 1KG - CALDO DE LEGUMES;0,220;KG; 0,56 
244;6904;MANTEIGA COM SAL;0,020;KG; 44,52 
375;6904;SAL REFINADO;0,010;KG; 0,95 
406;6904;AZEITE DE OLIVA EXTRA VIRGEM (COZINHA);0,010;KG; 16,95 
470;6904;PIMENTA DO REINO EM PO;0,003;KG; 22,00 
3163;6904;FARINHA BIJU;0,500;KG; 11,65 
6714;6904;PRODUCAO 1KG - PASTA DE ALHO;0,010;KG; 29,64 
321;6908;LIMAO SICILIANO;1,470;KG; 14,90 
364;6921;ACUCAR CRISTAL (GRANULADO);0,050;KG; 3,08 
375;6921;SAL REFINADO;0,010;KG; 0,95 
583;6921;CAJU;1,800;KG; 22,00 
1313;6921;AJINOMOTO;0,010;KG; 35,58 
3783;6921;PRODUCAO 1KG - CALDO DE LEGUMES;0,200;KG; 0,56 
5848;6922;PRODUCAO 1KG - ROTI DE BOI;3,600;KG; 22,05 
6921;6922;PRODUCAO 1KG - BASE DE CAJU;1,340;KG; 29,93 
438;6923;GRAO DE BICO;1,000;KG; 14,94 
363;6925;CREME MISTO CULINARIO;1,000;KG; 11,12 
3783;6925;PRODUCAO 1KG - CALDO DE LEGUMES;1,000;KG; 0,56 
6878;6925;QUEIJO CHEDDAR;1,540;KG; 38,00 
375;6929;SAL REFINADO;0,010;KG; 0,95 
6888;6929;MACARRAO SERPENTINI;0,500;KG; 15,98 
239;6935;LEITE INTEGRAL;0,140;KG; 5,28 
249;6935;OLEO DE SOJA (USO E CONSUMO);0,500;KG; 8,53 
375;6935;SAL REFINADO;0,003;KG; 0,95 
455;6935;OVOS;2,000;KG; 0,81 
470;6935;PIMENTA DO REINO EM PO;0,003;KG; 22,00 
535;6935;BACON DEFUMADO (KG);0,200;KG; 27,67 
246;6936;FARINHA DE TRIGO;0,200;KG; 3,59 
375;6936;SAL REFINADO;0,003;KG; 0,95 
251;6937;MOSTARDA AMARELA COMUM;0,030;KG; 11,32 
269;6937;CEBOLA ROXA;0,020;KG; 7,49 
6619;6937;PEPINO JAPONES;0,050;KG; 7,80 
6714;6937;PRODUCAO 1KG - PASTA DE ALHO;0,003;KG; 29,64 
7605;6937;MAIONESE HELLMANN'S;0,200;KG; 18,02 
321;6943;LIMAO SICILIANO;0,160;KG; 14,90 
4491;6943;PRODUCAO 1KG - TARE DE CAJUINA;0,530;KG; 8,60 
246;6946;FARINHA DE TRIGO;0,500;KG; 3,59 
375;6946;SAL REFINADO;0,010;KG; 0,95 
364;6947;ACUCAR CRISTAL (GRANULADO);0,500;KG; 3,08 
375;6947;SAL REFINADO;0,120;KG; 0,95 
406;6947;AZEITE DE OLIVA EXTRA VIRGEM (COZINHA);0,500;KG; 16,95 
430;6947;FERMENTO BIOLOGICO;0,040;KG; 31,98 
2180;6947;"FARINHA DE TRIGO ITALIANA TIPO ""00""";10,000;KG; 14,17 
260;6954;BATATA INGLESA;0,900;KG; 12,90 
302;6954;HORTELA;0,090;KG; 2,50 
1472;6954;PRODUCAO 1KG - MOLHO DE TOMATE RUSTICO;0,600;KG; 18,81 
6714;6954;PRODUCAO 1KG - PASTA DE ALHO;0,030;KG; 29,64 
6955;6954;CORDEIRO BENEFICIADA;1,200;KG; -   
268;6966;CEBOLA PERA;0,040;KG; 7,99 
321;6966;LIMAO SICILIANO;0,100;KG; 14,90 
324;6966;MANGA;0,440;KG; 4,99 
336;6966;MACA NACIONAL;0,210;KG; 11,90 
364;6966;ACUCAR CRISTAL (GRANULADO);0,100;KG; 3,08 
371;6966;VINAGRE DE ALCOOL;0,010;KG; 2,60 
375;6966;SAL REFINADO;0,003;KG; 0,95 
406;6966;AZEITE DE OLIVA EXTRA VIRGEM (COZINHA);0,010;KG; 16,95 
6714;6966;PRODUCAO 1KG - PASTA DE ALHO;0,010;KG; 29,64 
363;6967;CREME MISTO CULINARIO;0,200;KG; 11,12 
550;6967;QUEIJO GORGONZOLA;0,300;KG; 75,50 
3783;6967;PRODUCAO 1KG - CALDO DE LEGUMES;0,100;KG; 0,56 
6843;6967;PRODUCAO 1KG - GELEIA DE PIMENTA (EVENTO);0,200;KG; 10,41 
268;6976;CEBOLA PERA;0,300;KG; 7,99 
325;6976;LARANJA;0,200;KG; 2,10 
406;6976;AZEITE DE OLIVA EXTRA VIRGEM (COZINHA);0,020;KG; 16,95 
429;6976;FEIJAO PRETO FUNCIONARIO (USO E CONSUMO);1,000;KG; 6,08 
539;6976;LINGUICA CALABRESA DEFUMADA (KG);0,420;KG; 20,19 
1476;6976;LINGUICA PAIO (KG);0,380;KG; 57,15 
1492;6976;CARNE DE CHARQUE (KG);0,470;KG; 59,97 
1514;6976;RABO SUINO (KG);0,420;KG; 25,00 
3783;6976;PRODUCAO 1KG - CALDO DE LEGUMES;2,000;KG; 0,56 
6977;6976;PE DE PORCO (KG);0,420;KG; 17,79 
249;6978;OLEO DE SOJA (USO E CONSUMO);0,100;KG; 8,53 
6979;6978;TORRESMO (KG);5,500;KG; 22,69 
373;6980;FARINHA DE MANDIOCA;0,200;KG; 5,36 
375;6980;SAL REFINADO;0,003;KG; 0,95 
406;6980;AZEITE DE OLIVA EXTRA VIRGEM (COZINHA);0,010;KG; 16,95 
3784;6980;PRODUCAO 1KG - MANTEIGA NOISET;0,020;KG; 48,40 
6714;6980;PRODUCAO 1KG - PASTA DE ALHO;0,003;KG; 29,64 
272;6981;COUVE MANTEIGA;0,510;KG; 12,00 
375;6981;SAL REFINADO;0,003;KG; 0,95 
406;6981;AZEITE DE OLIVA EXTRA VIRGEM (COZINHA);0,010;KG; 16,95 
535;6981;BACON DEFUMADO (KG);0,060;KG; 27,67 
6714;6981;PRODUCAO 1KG - PASTA DE ALHO;0,010;KG; 29,64 
244;7058;MANTEIGA COM SAL;0,080;KG; 44,52 
364;7058;ACUCAR CRISTAL (GRANULADO);0,030;KG; 3,08 
447;7058;MASSA FILO;0,280;KG; 65,33 
4849;7058;PRODUCAO 1KG - GOIABADA DEFUMADA;0,140;KG; 9,60 
364;7074;ACUCAR CRISTAL (GRANULADO);0,010;KG; 3,08 
375;7074;SAL REFINADO;0,010;KG; 0,95 
1313;7074;AJINOMOTO;0,010;KG; 35,58 
1472;7074;PRODUCAO 1KG - MOLHO DE TOMATE RUSTICO;4,000;KG; 18,81 
6714;7074;PRODUCAO 1KG - PASTA DE ALHO;0,050;KG; 29,64 
239;7089;LEITE INTEGRAL;1,000;KG; 5,28 
241;7089;LEITE CONDENSADO;0,390;KG; 19,56 
393;7089;LEITE EM PO;0,140;KG; 38,85 
400;7089;AMIDO DE MILHO;0,040;KG; 7,79 
446;7089;MANTEIGA SEM SAL EM BARRA;0,200;KG; 57,58 
375;7097;SAL REFINADO;0,003;KG; 0,95 
406;7097;AZEITE DE OLIVA EXTRA VIRGEM (COZINHA);0,003;KG; 16,95 
470;7097;PIMENTA DO REINO EM PO;0,003;KG; 22,00 
1454;7097;PRODUCAO 1KG - IOGURTE GREGO CASEIRO;0,100;KG; 32,58 
4246;7097;APARAS SALMAO FRESCO;0,100;KG; 72,92 
583;7098;CAJU;0,940;KG; 22,00 
1697;7099;CHANTILLY PLATINUM;0,300;KG; 32,84 
6726;7099;CAFE SOLUVEL;0,010;KG; 120,12 
269;7101;CEBOLA ROXA;0,050;KG; 7,49 
301;7101;TOMILHO FRESCO;0,003;KG; 150,00 
1454;7101;PRODUCAO 1KG - IOGURTE GREGO CASEIRO;0,020;KG; 32,58 
6800;7101;PRODUCAO 1KG - MIX DE PIMENTOES  AC;0,100;KG; 21,39 
6835;7101;ROSBIFE ( EVENTO );0,120;KG; 55,24 
7091;7104;MACARRAO PAPPARDELLE KG;0,620;KG; 59,98 
239;7106;LEITE INTEGRAL;0,330;KG; 5,28 
318;7106;BANANA PRATA;0,200;KG; 4,25 
367;7106;ACUCAR REFINADO ESPECIAL;0,100;KG; 5,09 
392;7106;ESSENCIA ARTIFICIAL DE BAUNILHA;0,003;KG; 445,00 
455;7106;OVOS;5,000;KG; 0,81 
328;7108;LIMAO TAITI;0,003;KG; 2,99 
455;7108;OVOS;3,000;KG; 0,81 
1165;7108;ACUCAR GLACUCAR;0,200;KG; 11,98 
239;7160;LEITE INTEGRAL;1,000;KG; 5,28 
2115;7160;EMULSIFICANTE;0,090;KG; 21,61 
6538;7160;SORVETE DE MORANGO;3,500;KG; 35,04 
239;7161;LEITE INTEGRAL;1,000;KG; 5,28 
2115;7161;EMULSIFICANTE;0,090;KG; 21,61 
6537;7161;SORVETE DE CHOCOLATE;4,500;KG; 42,83 
336;7197;MACA NACIONAL;0,230;KG; 11,90 
340;7197;DAMASCO SECO;0,800;KG; 164,00 
364;7197;ACUCAR CRISTAL (GRANULADO);0,890;KG; 3,08 
317;7214;MORANGO;0,920;KG; 44,00 
336;7214;MACA NACIONAL;0,320;KG; 11,90 
364;7214;ACUCAR CRISTAL (GRANULADO);0,890;KG; 3,08 
367;7341;ACUCAR REFINADO ESPECIAL;0,280;KG; 5,09 
446;7341;MANTEIGA SEM SAL EM BARRA;0,160;KG; 57,58 
455;7341;OVOS;20,000;KG; 0,81 
1693;7341;CHOCOLATE AMARGO 545% ( CALLEBAUT );1,200;KG; 90,62 
239;7342;LEITE INTEGRAL;0,300;KG; 5,28 
246;7342;FARINHA DE TRIGO;0,180;KG; 3,59 
367;7342;ACUCAR REFINADO ESPECIAL;0,030;KG; 5,09 
375;7342;SAL REFINADO;0,003;KG; 0,95 
446;7342;MANTEIGA SEM SAL EM BARRA;0,060;KG; 57,58 
455;7342;OVOS;10,000;KG; 0,81 
256;7343;FARINHA PANKO;0,140;KG; 16,80 
282;7343;PIMENTA DEDO DE MOCA;0,010;KG; 21,00 
321;7343;LIMAO SICILIANO;0,150;KG; 14,90 
367;7343;ACUCAR REFINADO ESPECIAL;0,040;KG; 5,09 
375;7343;SAL REFINADO;0,003;KG; 0,95 
446;7343;MANTEIGA SEM SAL EM BARRA;0,020;KG; 57,58 
3879;7343;MOLHO DE PIMENTA SIRIRACHA HOT CHILI;0,003;KG; 53,55 
321;7344;LIMAO SICILIANO;0,040;KG; 14,90 
367;7344;ACUCAR REFINADO ESPECIAL;0,100;KG; 5,09 
400;7344;AMIDO DE MILHO;0,020;KG; 7,79 
441;7344;LEITE DE COCO;1,000;KG; 16,99 
367;7345;ACUCAR REFINADO ESPECIAL;0,700;KG; 5,09 
400;7345;AMIDO DE MILHO;0,020;KG; 7,79 
455;7345;OVOS;7,000;KG; 0,81 
6718;7345;PRODUCAO 1KG - SUMO DE LIMAO SICILIANO COZINHA;0,030;KG; 78,42 
7478;7345;CREMOR TARTARO;0,010;KG; 196,25 
239;7346;LEITE INTEGRAL;1,000;KG; 5,28 
367;7346;ACUCAR REFINADO ESPECIAL;0,140;KG; 5,09 
400;7346;AMIDO DE MILHO;0,020;KG; 7,79 
455;7346;OVOS;3,000;KG; 0,81 
6815;7346;PASTA DE BAUNILHA NATURAL 42ML;0,010;KG; 263,59 
244;7351;MANTEIGA COM SAL;0,040;KG; 44,52 
246;7351;FARINHA DE TRIGO;0,250;KG; 3,59 
247;7351;FERMENTO QUIMICO EM PO;0,003;KG; 56,90 
367;7351;ACUCAR REFINADO ESPECIAL;0,090;KG; 5,09 
375;7351;SAL REFINADO;0,003;KG; 0,95 
392;7351;ESSENCIA ARTIFICIAL DE BAUNILHA;0,003;KG; 445,00 
401;7351;ACUCAR MASCAVO;0,120;KG; 17,11 
446;7351;MANTEIGA SEM SAL EM BARRA;0,140;KG; 57,58 
455;7351;OVOS;1,000;KG; 0,81 
1693;7351;CHOCOLATE AMARGO 545% ( CALLEBAUT );0,180;KG; 90,62 
364;7352;ACUCAR CRISTAL (GRANULADO);0,720;KG; 3,08 
423;7352;COCO RALADO;0,600;KG; 33,00 
441;7352;LEITE DE COCO;0,600;KG; 16,99 
446;7352;MANTEIGA SEM SAL EM BARRA;0,003;KG; 57,58 
455;7352;OVOS;19,000;KG; 0,81 
264;7371;TOMATE CAJA;0,100;KG; 13,99 
269;7371;CEBOLA ROXA;0,060;KG; 7,49 
304;7371;COENTRO;0,020;KG; 22,00 
375;7371;SAL REFINADO;0,003;KG; 0,95 
406;7371;AZEITE DE OLIVA EXTRA VIRGEM (COZINHA);0,030;KG; 16,95 
470;7371;PIMENTA DO REINO EM PO;0,003;KG; 22,00 
6164;7371;FEIJAO VERDE;0,290;KG; 15,00 
6623;7371;FUMACA EM PO;0,003;KG; 61,51 
304;7374;COENTRO;0,200;KG; 22,00 
406;7374;AZEITE DE OLIVA EXTRA VIRGEM (COZINHA);0,500;KG; 16,95 
244;7381;MANTEIGA COM SAL;0,150;KG; 44,52 
375;7381;SAL REFINADO;0,003;KG; 0,95 
446;7381;MANTEIGA SEM SAL EM BARRA;0,100;KG; 57,58 
246;7384;FARINHA DE TRIGO;0,150;KG; 3,59 
375;7384;SAL REFINADO;0,003;KG; 0,95 
446;7384;MANTEIGA SEM SAL EM BARRA;0,100;KG; 57,58 
1360;7384;GOIABADA (TROUXINHA);0,040;KG; 15,98 
239;7423;LEITE INTEGRAL;1,780;KG; 5,28 
244;7423;MANTEIGA COM SAL;0,080;KG; 44,52 
246;7423;FARINHA DE TRIGO;0,080;KG; 3,59 
329;7423;MARACUJA;2,500;KG; 7,99 
470;7423;PIMENTA DO REINO EM PO;0,003;KG; 22,00 
373;7486;FARINHA DE MANDIOCA;0,150;KG; 5,36 
406;7486;AZEITE DE OLIVA EXTRA VIRGEM (COZINHA);0,030;KG; 16,95 
6714;7486;PRODUCAO 1KG - PASTA DE ALHO;0,030;KG; 29,64 
6808;7486;CARNE DO SOL BENEFICIADA;0,150;KG; 71,23 
260;7487;BATATA INGLESA;1,000;KG; 12,90 
375;7487;SAL REFINADO;0,003;KG; 0,95 
455;7487;OVOS;4,000;KG; 0,81 
470;7487;PIMENTA DO REINO EM PO;0,003;KG; 22,00 
7480;7487;CHIA;0,030;KG; 53,92 
363;7488;CREME MISTO CULINARIO;0,200;KG; 11,12 
6164;7488;FEIJAO VERDE;0,250;KG; 15,00 
6714;7488;PRODUCAO 1KG - PASTA DE ALHO;0,030;KG; 29,64 
7485;7488;ARROZ PARBOIRIZADO;0,100;KG; 5,69 
239;7489;LEITE INTEGRAL;2,000;KG; 5,28 
252;7489;MOLHO DE PIMENTA TABASCO 60 ML (USO E CONSUMO DO SALAO);0,010;KG; 21,68 
279;7489;PIMENTOES COLORIDOS;1,300;KG; 22,00 
6060;7489;PAO FRANCES;0,800;KG; 0,72 
6164;7489;FEIJAO VERDE;0,700;KG; 15,00 
306;7490;SALSA LISA;0,010;KG; 15,00 
363;7490;CREME MISTO CULINARIO;0,500;KG; 11,12 
556;7490;QUEIJO PARMESAO ( DI SALERNO PREMIUM );0,100;KG; 86,00 
6164;7490;FEIJAO VERDE;0,250;KG; 15,00 
6714;7490;PRODUCAO 1KG - PASTA DE ALHO;0,030;KG; 29,64 
6657;7492;PRODUCAO 1KG - PICLES DE CEBOLA;0,150;KG; 8,67 
6808;7492;CARNE DO SOL BENEFICIADA;0,150;KG; 71,23 
268;7493;CEBOLA PERA;0,300;KG; 7,99 
539;7493;LINGUICA CALABRESA DEFUMADA (KG);0,150;KG; 20,19 
244;7494;MANTEIGA COM SAL;0,100;KG; 44,52 
375;7494;SAL REFINADO;0,003;KG; 0,95 
548;7494;QUEIJO MUSSARELA;0,100;KG; 38,00 
2959;7494;MILHO PARA CANJICA;0,250;KG; 12,99 
6714;7494;PRODUCAO 1KG - PASTA DE ALHO;0,020;KG; 29,64 
7484;7494;FUBA MIMOSA;0,150;KG; 4,48 
541;7496;LINGUICA TOSCANA PARA ALIMENTACAO DE FUNCIONARIO (KG);0,500;KG; 14,82 
964;7496;FLOCAO DE MILHO;0,200;KG; 3,65 
1472;7496;PRODUCAO 1KG - MOLHO DE TOMATE RUSTICO;0,100;KG; 18,81 
498;7497;CARNE DO SOL (KG);1,000;KG; 44,99 
244;7498;MANTEIGA COM SAL;0,050;KG; 44,52 
449;7498;MILHO VERDE EM CONSERVA;0,100;KG; 7,99 
286;7538;BETERRABA;1,500;KG; 6,47 
366;7562;ADOCANTE EM PO SACHET;0,010;KG; 0,06 
1015;7562;OVAS DE PEIXE ORANGE (KG);0,020;KG; 1.150,00 
3879;7562;MOLHO DE PIMENTA SIRIRACHA HOT CHILI;0,010;KG; 53,55 
7605;7562;MAIONESE HELLMANN'S;0,200;KG; 18,02 
239;7563;LEITE INTEGRAL;1,000;KG; 5,28 
244;7563;MANTEIGA COM SAL;0,250;KG; 44,52 
246;7563;FARINHA DE TRIGO;0,250;KG; 3,59 
362;7563;CREME DE LEITE;0,200;KG; 15,44 
375;7563;SAL REFINADO;0,010;KG; 0,95 
1313;7563;AJINOMOTO;0,020;KG; 35,58 
3783;7563;PRODUCAO 1KG - CALDO DE LEGUMES;0,200;KG; 0,56 
6718;7563;PRODUCAO 1KG - SUMO DE LIMAO SICILIANO COZINHA;0,200;KG; 78,42 
363;7564;CREME MISTO CULINARIO;0,100;KG; 11,12 
375;7564;SAL REFINADO;0,003;KG; 0,95 
406;7564;AZEITE DE OLIVA EXTRA VIRGEM (COZINHA);0,010;KG; 16,95 
4246;7564;APARAS SALMAO FRESCO;0,150;KG; 72,92 
375;7565;SAL REFINADO;0,003;KG; 0,95 
406;7565;AZEITE DE OLIVA EXTRA VIRGEM (COZINHA);0,100;KG; 16,95 
455;7565;OVOS;3,000;KG; 0,81 
6714;7565;PRODUCAO 1KG - PASTA DE ALHO;0,100;KG; 29,64 
406;7571;AZEITE DE OLIVA EXTRA VIRGEM (COZINHA);0,003;KG; 16,95 
7335;7571;CDM - CIABATTA (UN);1,000;KG; 11,99 
246;7573;FARINHA DE TRIGO;0,220;KG; 3,59 
364;7573;ACUCAR CRISTAL (GRANULADO);0,220;KG; 3,08 
446;7573;MANTEIGA SEM SAL EM BARRA;0,180;KG; 57,58 
246;7574;FARINHA DE TRIGO;0,070;KG; 3,59 
364;7574;ACUCAR CRISTAL (GRANULADO);0,003;KG; 3,08 
375;7574;SAL REFINADO;0,003;KG; 0,95 
446;7574;MANTEIGA SEM SAL EM BARRA;0,060;KG; 57,58 
455;7574;OVOS;3,000;KG; 0,81 
336;7576;MACA NACIONAL;1,000;KG; 11,90 
364;7576;ACUCAR CRISTAL (GRANULADO);0,150;KG; 3,08 
412;7576;CANELA EM PO;0,003;KG; 168,00 
446;7576;MANTEIGA SEM SAL EM BARRA;0,020;KG; 57,58 
447;7576;MASSA FILO;0,300;KG; 65,33 
7217;7576;GEMA DE OVOS PASTEURIZADAS;0,010;KG; 49,21 
364;7577;ACUCAR CRISTAL (GRANULADO);0,240;KG; 3,08 
384;7577;VINAGRE DE MACA;0,050;KG; 5,14 
239;7578;LEITE INTEGRAL;0,200;KG; 5,28 
314;7578;CASTANHA DE CAJU;0,200;KG; 55,93 
401;7578;ACUCAR MASCAVO;0,020;KG; 17,11 
321;7606;LIMAO SICILIANO;0,010;KG; 14,90 
367;7606;ACUCAR REFINADO ESPECIAL;0,020;KG; 5,09 
400;7606;AMIDO DE MILHO;0,003;KG; 7,79 
441;7606;LEITE DE COCO;0,200;KG; 16,99 
269;7630;CEBOLA ROXA;0,190;KG; 7,49 
282;7630;PIMENTA DEDO DE MOCA;0,010;KG; 21,00 
304;7630;COENTRO;0,010;KG; 22,00 
6882;7630;PRODUCAO 1KG - CALDO DE FEIJAO  (EVENTO);0,780;KG; 7,84 
241;7632;LEITE CONDENSADO;3,030;KG; 19,56 
423;7632;COCO RALADO;1,500;KG; 33,00 
446;7632;MANTEIGA SEM SAL EM BARRA;0,220;KG; 57,58 
455;7632;OVOS;15,000;KG; 0,81 
1749;7632;DESMOLDANTE SPRAY;0,003;KG; 23,54 
269;7644;CEBOLA ROXA;0,030;KG; 7,49 
279;7644;PIMENTOES COLORIDOS;0,060;KG; 22,00 
6816;7644;PRODUCAO 1KG - ABOBORA EM CUBOS;0,030;KG; 12,03 
7691;7644;BATATA DO CAMPO (PC 60 GR);1,000;KG; 1,00 
7717;7644;BROCOLIS NATURAL (PC 60 GR);1,000;KG; 1,49 
239;7649;LEITE INTEGRAL;8,000;KG; 5,28 
244;7649;MANTEIGA COM SAL;0,500;KG; 44,52 
246;7649;FARINHA DE TRIGO;0,400;KG; 3,59 
375;7649;SAL REFINADO;0,003;KG; 0,95 
454;7649;NOZ MOSCADA;0,003;KG; 46,20 
556;7649;QUEIJO PARMESAO ( DI SALERNO PREMIUM );0,750;KG; 86,00 
239;7650;LEITE INTEGRAL;2,200;KG; 5,28 
6537;7650;SORVETE DE CHOCOLATE;3,000;KG; 42,83 
7648;7650;OVOMALTINE;0,350;KG; 79,87 
266;7654;TOMATE CEREJA;0,003;KG; 24,00 
1055;7654;TARTELETES (BARQUINHAS);1,000;KG; 1,18 
4403;7654;QUEIJO MUSSARELA EM BARRA (FIOR DI LATTE );0,003;KG; 67,50 
292;7656;ABOBRINHA ITALIANA;0,003;KG; 3,99 
1055;7656;TARTELETES (BARQUINHAS);1,000;KG; 1,18 
6816;7656;PRODUCAO 1KG - ABOBORA EM CUBOS;0,003;KG; 12,03 
246;7669;FARINHA DE TRIGO;0,230;KG; 3,59 
247;7669;FERMENTO QUIMICO EM PO;0,010;KG; 56,90 
249;7669;OLEO DE SOJA (USO E CONSUMO);0,160;KG; 8,53 
367;7669;ACUCAR REFINADO ESPECIAL;0,170;KG; 5,09 
418;7669;CHOCOLATE EM PÓ 50% CACAU;0,110;KG; 62,65 
455;7669;OVOS;3,000;KG; 0,81 
7435;7669;BICARBONATO DE SODIO;0,003;KG; 16,70 
246;7729;FARINHA DE TRIGO;0,300;KG; 3,59 
375;7729;SAL REFINADO;0,003;KG; 0,95 
4929;7729;FILE DE CAMARAO (KG);0,300;KG; 60,00 
313;7733;BATATA DOCE;1,070;KG; 2,99 
362;7744;CREME DE LEITE;1,000;KG; 15,44 
397;7744;ACHOCOLATADO EM PO NESCAU;0,800;KG; 21,39 
418;7744;CHOCOLATE EM PÓ 50% CACAU;0,400;KG; 62,65 
446;7744;MANTEIGA SEM SAL EM BARRA;0,400;KG; 57,58 
239;7782;LEITE INTEGRAL;0,200;KG; 5,28 
246;7782;FARINHA DE TRIGO;0,200;KG; 3,59 
247;7782;FERMENTO QUIMICO EM PO;0,010;KG; 56,90 
285;7782;CENOURA;0,300;KG; 10,90 
367;7782;ACUCAR REFINADO ESPECIAL;0,100;KG; 5,09 
446;7782;MANTEIGA SEM SAL EM BARRA;0,150;KG; 57,58 
455;7782;OVOS;2,000;KG; 0,81 
375;7790;SAL REFINADO;0,003;KG; 0,95 
964;7790;FLOCAO DE MILHO;1,000;KG; 3,65 
239;7792;LEITE INTEGRAL;0,200;KG; 5,28 
299;7792;MANJERICAO;0,003;KG; 15,00 
301;7792;TOMILHO FRESCO;0,003;KG; 150,00 
375;7792;SAL REFINADO;0,003;KG; 0,95 
470;7792;PIMENTA DO REINO EM PO;0,003;KG; 22,00 
4410;7792;QUEIJO RICOTA;0,400;KG; 20,00 
245;7795;MOSTARDA DIJON;0,030;KG; 89,94 
321;7795;LIMAO SICILIANO;0,090;KG; 14,90 
375;7795;SAL REFINADO;0,003;KG; 0,95 
406;7795;AZEITE DE OLIVA EXTRA VIRGEM (COZINHA);0,150;KG; 16,95 
470;7795;PIMENTA DO REINO EM PO;0,003;KG; 22,00 
266;7797;TOMATE CEREJA;0,020;KG; 24,00 
296;7797;ALECRIM FRESCO;0,003;KG; 6,60 
301;7797;TOMILHO FRESCO;0,003;KG; 150,00 
364;7797;ACUCAR CRISTAL (GRANULADO);0,010;KG; 3,08 
375;7797;SAL REFINADO;0,010;KG; 0,95 
406;7797;AZEITE DE OLIVA EXTRA VIRGEM (COZINHA);0,010;KG; 16,95 
6714;7797;PRODUCAO 1KG - PASTA DE ALHO;0,010;KG; 29,64 
1165;7799;ACUCAR GLACUCAR;0,030;KG; 11,98 
7131;7799;PRODUCAO 1KG - SUCO DE LARANJA;0,100;KG; 7,35 
367;7800;ACUCAR REFINADO ESPECIAL;0,140;KG; 5,09 
7131;7800;PRODUCAO 1KG - SUCO DE LARANJA;0,720;KG; 7,35 
244;7811;MANTEIGA COM SAL;0,050;KG; 44,52 
306;7811;SALSA LISA;0,003;KG; 15,00 
384;7811;VINAGRE DE MACA;0,020;KG; 5,14 
455;7811;OVOS;2,000;KG; 0,81 
246;7819;FARINHA DE TRIGO;0,080;KG; 3,59 
367;7819;ACUCAR REFINADO ESPECIAL;0,020;KG; 5,09 
390;7819;AMENDOAS FILETADAS;0,040;KG; 118,80 
418;7819;CHOCOLATE EM PÓ 50% CACAU;0,020;KG; 62,65 
455;7819;OVOS;4,000;KG; 0,81 
1165;7819;ACUCAR GLACUCAR;0,120;KG; 11,98 
365;7820;CREAM CHEESE;0,450;KG; 33,62 
367;7820;ACUCAR REFINADO ESPECIAL;0,200;KG; 5,09 
446;7820;MANTEIGA SEM SAL EM BARRA;0,120;KG; 57,58 
241;7821;LEITE CONDENSADO;0,300;KG; 19,56 
362;7821;CREME DE LEITE;0,200;KG; 15,44 
446;7821;MANTEIGA SEM SAL EM BARRA;0,020;KG; 57,58 
7537;7821;CREAM CHEESE SUSHI;0,150;KG; 39,96 
7819;7824;PRODUCAO 1KG - MASSA RED VELTET;0,490;KG; 19,19 
7820;7824;PRODUCAO 1KG - RECHEIO CREAM CHEESE;0,200;KG; 49,69 
1697;7826;CHANTILLY PLATINUM;0,050;KG; 32,84 
5949;7826;FRUTAS VERMELHAS CONGELADA;0,020;KG; 41,90 
239;7834;LEITE INTEGRAL;0,300;KG; 5,28 
241;7834;LEITE CONDENSADO;0,100;KG; 19,56 
367;7834;ACUCAR REFINADO ESPECIAL;0,120;KG; 5,09 
455;7834;OVOS;2,000;KG; 0,81 
6815;7834;PASTA DE BAUNILHA NATURAL 42ML;0,003;KG; 263,59 
367;7835;ACUCAR REFINADO ESPECIAL;0,500;KG; 5,09 
371;7835;VINAGRE DE ALCOOL;0,010;KG; 2,60 
1697;7839;CHANTILLY PLATINUM;0,300;KG; 32,84 
2698;7839;PRODUCAO 1KG - CARAMELO SALE;0,150;KG; 12,71 
239;7840;LEITE INTEGRAL;0,060;KG; 5,28 
246;7840;FARINHA DE TRIGO;0,110;KG; 3,59 
367;7840;ACUCAR REFINADO ESPECIAL;0,080;KG; 5,09 
412;7840;CANELA EM PO;0,010;KG; 168,00 
446;7840;MANTEIGA SEM SAL EM BARRA;0,030;KG; 57,58 
455;7840;OVOS;3,000;KG; 0,81 
318;7841;BANANA PRATA;0,380;KG; 4,25 
367;7841;ACUCAR REFINADO ESPECIAL;0,250;KG; 5,09 
412;7841;CANELA EM PO;0,003;KG; 168,00 
421;7841;CRAVO EM GRAO;0,003;KG; 176,33 
249;7843;OLEO DE SOJA (USO E CONSUMO);0,080;KG; 8,53 
1693;7843;CHOCOLATE AMARGO 545% ( CALLEBAUT );0,300;KG; 90,62 
362;7844;CREME DE LEITE;0,140;KG; 15,44 
446;7844;MANTEIGA SEM SAL EM BARRA;0,020;KG; 57,58 
1693;7844;CHOCOLATE AMARGO 545% ( CALLEBAUT );0,300;KG; 90,62 
269;7853;CEBOLA ROXA;0,040;KG; 7,49 
273;7853;ALHO PORRO;0,010;KG; 29,59 
282;7853;PIMENTA DEDO DE MOCA;0,003;KG; 21,00 
284;7853;PIMENTA DE CHEIRO;0,003;KG; 11,00 
303;7853;SALSAO;0,040;KG; 12,00 
304;7853;COENTRO;0,003;KG; 22,00 
3781;7853;APARAS SIRIGADO;0,300;KG; 72,25 
6714;7853;PRODUCAO 1KG - PASTA DE ALHO;0,010;KG; 29,64 
242;7855;MANTEIGA DA TERRA;0,050;KG; 35,12 
246;7855;FARINHA DE TRIGO;0,100;KG; 3,59 
256;7855;FARINHA PANKO;0,200;KG; 16,80 
269;7855;CEBOLA ROXA;0,050;KG; 7,49 
306;7855;SALSA LISA;0,003;KG; 15,00 
315;7855;BANANA DA TERRA;0,300;KG; 14,96 
375;7855;SAL REFINADO;0,003;KG; 0,95 
455;7855;OVOS;1,000;KG; 0,81 
470;7855;PIMENTA DO REINO EM PO;0,003;KG; 22,00 
7936;7855;PRODUCAO 1 KG - CARNE DO SOL (NOVO);0,300;KG; 157,58 
321;7857;LIMAO SICILIANO;0,200;KG; 14,90 
375;7857;SAL REFINADO;0,003;KG; 0,95 
470;7857;PIMENTA DO REINO EM PO;0,020;KG; 22,00 
3773;7857;SALMAO BENEFICIADO SUSHI;0,500;KG; 72,92 
3893;7857;PRODUCAO 1KG - MIX DE GERGELIM TORRADO;0,003;KG; 41,84 
7537;7857;CREAM CHEESE SUSHI;0,200;KG; 39,96 
363;7859;CREME MISTO CULINARIO;0,600;KG; 11,12 
375;7859;SAL REFINADO;0,003;KG; 0,95 
482;7859;VINHO BRANCO COZINHA;0,300;KG; 42,13 
540;7859;QUEIJO BRIE;0,900;KG; 83,00 
315;7860;BANANA DA TERRA;0,260;KG; 14,96 
269;7861;CEBOLA ROXA;0,020;KG; 7,49 
290;7861;PIMENTAO VERDE;0,020;KG; 9,90 
306;7861;SALSA LISA;0,003;KG; 15,00 
359;7861;COLORIFICO;0,040;KG; 9,30 
371;7861;VINAGRE DE ALCOOL;0,020;KG; 2,60 
406;7861;AZEITE DE OLIVA EXTRA VIRGEM (COZINHA);0,100;KG; 16,95 
470;7861;PIMENTA DO REINO EM PO;0,003;KG; 22,00 
375;7862;SAL REFINADO;0,003;KG; 0,95 
470;7862;PIMENTA DO REINO EM PO;0,003;KG; 22,00 
481;7862;VINHO TINTO COZINHA;0,200;KG; 12,80 
6714;7862;PRODUCAO 1KG - PASTA DE ALHO;0,050;KG; 29,64 
7847;7862;COGUMELO FUNGHI SECO;0,250;KG; 171,60 
260;7864;BATATA INGLESA;0,500;KG; 12,90 
246;7865;FARINHA DE TRIGO;0,120;KG; 3,59 
367;7865;ACUCAR REFINADO ESPECIAL;0,090;KG; 5,09 
455;7865;OVOS;3,000;KG; 0,81 
246;7866;FARINHA DE TRIGO;0,700;KG; 3,59 
375;7866;SAL REFINADO;0,003;KG; 0,95 
1508;7866;PRODUCAO 1KG - PURE DE MANDIOQUINHA;2,000;KG; 30,06 
249;7867;OLEO DE SOJA (USO E CONSUMO);0,300;KG; 8,53 
375;7867;SAL REFINADO;0,003;KG; 0,95 
455;7867;OVOS;2,000;KG; 0,81 
470;7867;PIMENTA DO REINO EM PO;0,003;KG; 22,00 
6714;7867;PRODUCAO 1KG - PASTA DE ALHO;0,003;KG; 29,64 
6718;7867;PRODUCAO 1KG - SUMO DE LIMAO SICILIANO COZINHA;0,010;KG; 78,42 
244;7870;MANTEIGA COM SAL;0,080;KG; 44,52 
256;7870;FARINHA PANKO;0,050;KG; 16,80 
375;7870;SAL REFINADO;0,003;KG; 0,95 
390;7870;AMENDOAS FILETADAS;0,100;KG; 118,80 
470;7870;PIMENTA DO REINO EM PO;0,003;KG; 22,00 
244;7872;MANTEIGA COM SAL;0,150;KG; 44,52 
371;7872;VINAGRE DE ALCOOL;0,020;KG; 2,60 
375;7872;SAL REFINADO;0,003;KG; 0,95 
455;7872;OVOS;3,000;KG; 0,81 
470;7872;PIMENTA DO REINO EM PO;0,003;KG; 22,00 
244;7884;MANTEIGA COM SAL;0,100;KG; 44,52 
246;7884;FARINHA DE TRIGO;0,250;KG; 3,59 
363;7884;CREME MISTO CULINARIO;0,380;KG; 11,12 
375;7884;SAL REFINADO;0,010;KG; 0,95 
455;7884;OVOS;6,000;KG; 0,81 
547;7884;QUEIJO GOUDA;0,300;KG; 79,00 
548;7884;QUEIJO MUSSARELA;0,300;KG; 38,00 
7537;7884;CREAM CHEESE SUSHI;0,200;KG; 39,96 
244;7885;MANTEIGA COM SAL;0,100;KG; 44,52 
246;7885;FARINHA DE TRIGO;0,250;KG; 3,59 
363;7885;CREME MISTO CULINARIO;0,380;KG; 11,12 
375;7885;SAL REFINADO;0,010;KG; 0,95 
455;7885;OVOS;6,000;KG; 0,81 
535;7885;BACON DEFUMADO (KG);0,300;KG; 27,67 
556;7885;QUEIJO PARMESAO ( DI SALERNO PREMIUM );0,100;KG; 86,00 
7537;7885;CREAM CHEESE SUSHI;0,200;KG; 39,96 
268;7889;CEBOLA PERA;0,010;KG; 7,99 
302;7889;HORTELA;0,003;KG; 2,50 
375;7889;SAL REFINADO;0,003;KG; 0,95 
470;7889;PIMENTA DO REINO EM PO;0,003;KG; 22,00 
548;7889;QUEIJO MUSSARELA;0,020;KG; 38,00 
3522;7889;APARAS FILE MIGNON;0,060;KG; 82,83 
6714;7889;PRODUCAO 1KG - PASTA DE ALHO;0,003;KG; 29,64 
239;7890;LEITE INTEGRAL;0,100;KG; 5,28 
246;7890;FARINHA DE TRIGO;0,100;KG; 3,59 
256;7890;FARINHA PANKO;0,100;KG; 16,80 
342;7890;DILL (ENDRO);0,003;KG; 287,00 
375;7890;SAL REFINADO;0,003;KG; 0,95 
455;7890;OVOS;1,000;KG; 0,81 
470;7890;PIMENTA DO REINO EM PO;0,003;KG; 22,00 
4246;7890;APARAS SALMAO FRESCO;0,060;KG; 72,92 
7537;7890;CREAM CHEESE SUSHI;0,020;KG; 39,96 
406;7928;AZEITE DE OLIVA EXTRA VIRGEM (COZINHA);0,120;KG; 16,95 
461;7928;PAO BAGUETE PARA TORRADAS;7,000;KG; 12,37 
447;7929;MASSA FILO;0,750;KG; 65,33 
268;7940;CEBOLA PERA;2,000;KG; 7,99 
273;7940;ALHO PORRO;1,030;KG; 29,59 
285;7940;CENOURA;1,400;KG; 10,90 
303;7940;SALSAO;0,330;KG; 12,00 
375;7940;SAL REFINADO;0,040;KG; 0,95 
406;7940;AZEITE DE OLIVA EXTRA VIRGEM (COZINHA);0,040;KG; 16,95 
